level	sample	verdict	reference_compile_rc	selfhost_compile_rc	reference_pre_bc_count	selfhost_pre_bc_count	reference_opt_bc_count	selfhost_opt_bc_count	reference_pre_verify	selfhost_pre_verify	reference_opt_verify	selfhost_opt_verify	shared_functions	identical_functions	one_side_functions	reference_pre_bc_sha256	selfhost_pre_bc_sha256	reference_opt_bc_sha256	selfhost_opt_bc_sha256	reference_first_error	selfhost_first_error	reference_verify_error	selfhost_verify_error	body_diff_functions	reference_only_functions	selfhost_only_functions	first_bc_difference
Os	01_return	BC_DIFF	0	0	1	1	1	1	PASS	PASS	PASS	PASS	18	17	0	47551817a286139ca2ca83f6a374c2550ebc14f1a16619bb0e059e2f9a628ad8	f26bf8d2828eb44d59971a6b8788c686576ccec34adabe609b791ea2478f33c0	de6bb39bb72082c3a3f626876fdc033570718f89c86610ca758837e4ddbf1d22	039bbbf0f86c9bc3a420d2d667a0af2c24cf56f1d28338ad95cda4e2df502bc8	<none>	<none>	<none>	<none>	1	0	0	"BODY_DIFF:""0_for_keeping_some_types"""
Os	02_println_int	BC_DIFF	0	0	1	1	1	1	PASS	PASS	PASS	PASS	18	16	0	71e30a0d5b369d6cb9c5e5da74c58bad6567511a47904d0182e2c6b29700f07b	e77992ce8a58bbc4531a590acc47de380b0bfa2b7d937b16dfa6419ec7028815	d926292a91077579fe9cd5de636073355275f6864f8eafa3ba3281c3f22704a0	943961a9481d07e4618a7f051dba612ade1e8fce969cfed06a653d444af64c5e	<none>	<none>	<none>	<none>	2	0	0	"BODY_DIFF:""0_for_keeping_some_types"""
Os	03_factorial	BC_DIFF	0	0	1	1	1	1	PASS	PASS	PASS	PASS	19	17	0	a8f30d660dc77eaae4a21ac773c7e72c504fdd6abaab5b8587d8fc449306cec3	5d2f3fda1c9b6887d0efcc906982fc36b97f26d6c683596f6a5a9b79e8299150	3a751e0621378b51395caabf9fafecd45e73ef68d97ae623a9af52c7539a637b	f3f870b1bf49ee4cc063f08e055376a94c5d98c389752849be440e2a6f5afa64	<none>	<none>	<none>	<none>	2	0	0	"BODY_DIFF:""0_for_keeping_some_types"""
Os	04_while	BC_DIFF	0	0	1	1	1	1	PASS	PASS	PASS	PASS	18	16	0	fe4ba54a48f39f22ee12d474dd824aabc37ff860e461e82192c1a0a86b118a39	d18566ee8951dff6f2c8feb43088e5549ac8394516c9d1b4824d55fc91237ff6	605cbe822f2a1be57f268f57142d903a0947985e1abb83f01f8b1dbba6d4746a	388d3197fc3beab919d89f642f9416ccdfe3fad0531eca134036204d9cc746f0	<none>	<none>	<none>	<none>	2	0	0	"BODY_DIFF:""0_for_keeping_some_types"""
Os	05_forin_range	BC_DIFF	0	0	1	1	1	1	PASS	PASS	PASS	PASS	18	16	1	529137f2d824612e06fde1462ebcda860dfef4d2cedd9e2125119feaab7a63c7	e1496cded8dec742370b7ac4ede5f2da78bb98825acf13edb6e1c6b53bb50c7f	8f99f47fc1086d13b70c25a7d4db1a3fb32d68840db38216082c4a2c79fe9d84	d0ef50ee618cdf15ab87caf7d37935779bc58cc52e359cd63fb7b8c25b4088e8	<none>	<none>	<none>	<none>	2	0	1	"BODY_DIFF:""0_for_keeping_some_types"""
Os	06_bool	BC_DIFF	0	0	1	1	1	1	PASS	PASS	PASS	PASS	18	16	0	919f1b317104e2fd3fe36092814cf467ad9d21770a40a92f6e98c9cf1404d7e1	f2e3f965a22845a2bb753d1bd2c6d25f13ba3e19dfea0f11bfa9d12e6867beca	556f5b95390c4ce7278c289e1129911162621472926e50fb6aa7eacdf86e84f8	d2cf4ce1acaa83c6e4244e724ef3e98fd5955a7c3c454fa82b4afdda2188f0ba	<none>	<none>	<none>	<none>	2	0	0	"BODY_DIFF:""0_for_keeping_some_types"""
Os	07_float	BC_DIFF	0	0	1	1	1	1	PASS	PASS	PASS	PASS	18	16	0	782960c4350610df6038c13b5e467dc3f24ddcfc7aacf0856124fb1fa86ebfd7	ec58f5995f011d388c405732c6c3ac10434560b48a28cb78239908fd66af3785	a078b8bacba9eb7fcb8440aeaa5b6914a6fb9c94847a602e62fe855066701139	49901f37852e0e6ef79524fa076dbdc93e1fa670a8163f8456b2d45a16ea3ff0	<none>	<none>	<none>	<none>	2	0	0	"BODY_DIFF:""0_for_keeping_some_types"""
Os	09_nested_func	BC_DIFF	0	0	1	1	1	1	PASS	PASS	PASS	PASS	18	16	3	a117f34aa23de2e9ea7b7cc9256a98db60c24917b23379cb42f59fe651b3549b	7a04f5a420b9abd5a55c6d3a8b68440e74f3250f9c13495417f30a2797a51c75	f28060778d9ce672b5573829f80fa6167f9715df6a52e4a75c66e521a969e172	47311b79193ed2ab642c769fcd4652c4d2484535ca04693833a488ec91dc6f94	<none>	<none>	<none>	<none>	2	0	3	"BODY_DIFF:""0_for_keeping_some_types"""
Os	100_shadow_if_in_binary	BC_DIFF	0	0	1	1	1	1	PASS	PASS	PASS	PASS	18	16	0	1267cdacd4095afca1137bb1802b953719c0026fad7c430a4b0b80e5da3ee0cd	1ccac8fabbc1405f11b146f59cd29ed7c231cb4a42b38f58bf57c92f0bbfbc56	0f46151236689c7723f4769fe4afcd80205732050dfd2f4145ccacf16887551f	bbc7d020bad48d163cfef904377998cc0951d55142ccd7783e972715e9dbcb81	<none>	<none>	<none>	<none>	2	0	0	"BODY_DIFF:""0_for_keeping_some_types"""
Os	101_default_u64_constructor	BC_DIFF	0	0	1	1	1	1	PASS	PASS	PASS	PASS	18	16	0	405e051eac45445b3cffd7ca43e776d987bdd245d08d15bd319a66ecc539c809	3f8dc69d089f9dc6b4b58d229d55e9a1d2831a21052719f8a93fcdf1e5110182	0e4df7912ac9422b1f57a3fbd4944a8c3a28bb232a230d7048fa6e4a90b92c15	6f486efe143d133b0c7e91a26ccd58694594658d5ef1b1cf41029ff4b562af64	<none>	<none>	<none>	<none>	2	0	0	"BODY_DIFF:""0_for_keeping_some_types"""
Os	102_overload_call_base_not_func_ref	BC_DIFF	0	0	1	1	1	1	PASS	PASS	PASS	PASS	18	16	0	a188eb4b946c4789bb2ed85b90dec21213c2a2b0fa22badcaac0f8b140580f4c	3e372dd502be446a8b7492e9abcc3df8bd2b2ad9117e9a352d0066aff407f2af	cb14845fee50f42d09e418d83d864db6148b740e49f6bcdca7b1b7e079be1ffc	d529408cb684426ddb1ccc461666727744c1bae6737c18e0417824f262bb6d2f	<none>	<none>	<none>	<none>	2	0	0	"BODY_DIFF:""0_for_keeping_some_types"""
Os	103_if_bare_return_unit	BC_DIFF	0	0	1	1	1	1	PASS	PASS	PASS	PASS	18	17	3	cf90a0402ebc36d4becb9f4b512829e2330ebb88166497492c41848982378c4a	d7efd590282c1414fb89408404a9302f24559d5430c4cd8c7152cd27062c4e1d	7fb4ab09f553998b751ddb1b6dec91e95a3cc498f2c10c7583e40d0b1ded5a1b	6e5f29883d010dbbddaaa5f2f66c6f6bde9e46d3ae704656d53621067e549e8a	<none>	<none>	<none>	<none>	1	0	3	"BODY_DIFF:""0_for_keeping_some_types"""
Os	104_match_arm_bare_return	BC_DIFF	0	0	1	1	1	1	PASS	PASS	PASS	PASS	18	16	3	dd9ca0c2ae064093c624050162e5b78ad81f42d799adfd3f8a16fc71a0d1fb7f	007791444b09f3c9615e596dc173ffa381a973b98d78f10c3e9233bbeaa533bb	769e67ff8c336f4be1d7df47c4870f14f3719b91c59034d6c3b1f70517fcc633	caf41c9353534b496f3d4e9f8cd86b94dd5cbf3dd911c4d55c49b23b9ad8e9e2	<none>	<none>	<none>	<none>	2	0	3	"BODY_DIFF:""0_for_keeping_some_types"""
Os	105_match_string_enum	BC_DIFF	0	0	1	1	1	1	PASS	PASS	PASS	PASS	22	20	3	055e5bc120df5af9751ad2e0e40cc9fa1c5aa9e8ddae4dafc813fa272adef4b3	f27ffa6273bbef3e92a17448ae87f444f2215e3c727739c1bad83ab3e1e76243	24bf4e2e558f6eea5bf9876a7b027c259f1bd99a4fa07a1cfc5f042625de2ba6	d034223f5fc5e99ea0ca1df1550044d78a68edf9fb526bdc227441a85548ada0	<none>	<none>	<none>	<none>	2	0	3	"BODY_DIFF:""0_for_keeping_some_types"""
Os	106_array_int_size	BC_DIFF	0	0	1	1	1	1	PASS	PASS	PASS	PASS	20	18	2	bcf54cd6dac40b7ce3d46b540571ca5f2cd21cf015290b9e5969521fc68d1fce	cfca6c06640e698d01d198e55bbe779c16c07d2b68032f86632924d3a0b23e11	95077f8cd142a035ceeda6c6f4250f5f391e4d7ea235934d34089c8017e8bd45	ed371c96b65eec033ef38ab2cc7f0a3d780fb35ff35e8bde13a6368ba3be7a1f	<none>	<none>	<none>	<none>	2	0	2	"BODY_DIFF:""0_for_keeping_some_types"""
Os	107_contextual_kw_identifier	BC_DIFF	0	0	1	1	1	1	PASS	PASS	PASS	PASS	19	17	0	848b4f40473e6356690062cd34bca687cffbb82e8b093dc1d35a6f31f3ac0cc4	ad8402ad04eb706808ffed8b23b6d6c4358dce1e9883a56e394a8a1c4d151d46	5cd7a00047b5b7958b71e6ba0d7fdf55dfa6365635c4fc445919caee3020d0f8	a9ff3166aefe707d83c36ac59bc7f7cbe7657fac79bd8d840a30bd299de343df	<none>	<none>	<none>	<none>	2	0	0	"BODY_DIFF:""0_for_keeping_some_types"""
Os	108_nested_struct_field	BC_DIFF	0	0	1	1	1	1	PASS	PASS	PASS	PASS	18	16	0	2761bda31145c769711a875531f9ee5109b8c34f3dacba8280d83d551a86c3f4	f1e0b953319a9a4b435fecd614f7c69ba25e591d629f9846864c1062cfa8f036	6518667f9665c6abc4840d19b3ec2da82a9802644cdc7f0d39814d28cf34c9dc	d6b888f8838723ef02f64f9d9863d354e69b23734c2c28c62033804a7b2d2389	<none>	<none>	<none>	<none>	2	0	0	"BODY_DIFF:""0_for_keeping_some_types"""
Os	109_match_nested_const	BC_DIFF	0	0	1	1	1	1	PASS	PASS	PASS	PASS	22	20	3	430cc434c06a50d15152f33646b341e5d9f1eccbc98cb98bf7eeb6778d54ff9b	1e97faf98212a441410d3f2c9b2d6ac1b49b0834bc8f899004cf93883ba532a4	37d3791a1fcdb8bf4b4a941116e43f4476c8f0a560083b1f1cdcdc7f113de9c7	25a4d86c66555851f25955373423702f3d3dd1eac9863a495d16247d4e9f9721	<none>	<none>	<none>	<none>	2	0	3	"BODY_DIFF:""0_for_keeping_some_types"""
Os	10_str_literal	BC_DIFF	0	0	1	1	1	1	PASS	PASS	PASS	PASS	18	17	3	518a8b66cd6f9c6e82417c6377dbdd6b12a7a86354d97527569014b50c4e4bf5	1a19c7645d24b554dbb8f4fb288c4f50fb24ccc81c65341ef6aab92befa482d1	257d819361f1e5a2d436a665de222101fcd109baa5c22c2f6ef68c872d17cb4e	e5aa589ca12ec8f8d72cb78dc7944d63c54e17308d3573dfffaf91fd02cbdf54	<none>	<none>	<none>	<none>	1	0	3	"BODY_DIFF:""0_for_keeping_some_types"""
Os	110_where_multi_constraint	BC_DIFF	0	0	1	1	1	1	PASS	PASS	PASS	PASS	32	30	1	5a5aa150677d6532a47f6afcdff8be94a4755077cc43282bd3e64a03247bdeb5	fc80c4504e4114cd3e678c6f53b27c62556400bae693d3adea24c102b1575a3d	47a927a1ef5ed7d7b67af79057c8df032f91d8648acaed1a713c63cf16324b8f	f990f3d2ec815942d6028b3b966a92be18f79bb1e6a07685b04b9ca6ff767bb8	<none>	<none>	<none>	<none>	2	0	1	"BODY_DIFF:""0_for_keeping_some_types"""
Os	111_toplevel_const	BC_DIFF	0	0	1	1	1	1	PASS	PASS	PASS	PASS	19	17	0	720dea0efb028ae81f882023a190f6f103e598172bb9d139ef69771d6de8af21	3bff5ef42f39bb0dea3022c53f00ebe72e2c4c6f86394df93c0eee699dd1ff2b	eaf7f3c1062ebcec1cc26e7c5eb9d104d956134dbd28c27b37f4c406066b73da	1ca34b055e1a5aef17e279cd778a34722af284a427a350f343e782a117adbb00	<none>	<none>	<none>	<none>	2	0	0	"BODY_DIFF:""0_for_keeping_some_types"""
Os	112_field_default_init	BC_DIFF	0	0	1	1	1	1	PASS	PASS	PASS	PASS	23	21	0	72ba0f8c367ac8ab9cc9573168c18157f4382fd313cbe9184417a2532585893e	966e21b0fd9619ed6fe237c50ef0a977ae7a1bf97be0e229376725aeecff1a34	6085035ef86240db82721b12f48bc64a70672f51044bc64a644fcf876f089db7	719f177bd695f48b93c92b089bfcb0b180b67f07346ccd3aff9f1bbd7932614a	<none>	<none>	<none>	<none>	2	0	0	"BODY_DIFF:""0_for_keeping_some_types"""
Os	113_virtual_dispatch	BC_DIFF	0	0	1	1	1	1	PASS	PASS	PASS	PASS	34	32	3	8d328d6bb7af1c8bdfee591039d68aec26926203e40917429bb86b6bf3cda68b	1ea31004ab10671e4d992fa8fea4bd46cb9a2cb4bf7e86eb0ccfc979ac8e300c	1a0a9f3cd2ec85b734207e6f2dc98af7f8df9a9ef7c9746f3ed61527e35c7e4d	001b86101905eae81d64db322d160eb91a3b2b35790e03bcf5f7fa7684d1a238	<none>	<none>	<none>	<none>	2	0	3	"BODY_DIFF:""0_for_keeping_some_types"""
Os	114_global_var_init	BC_DIFF	0	0	1	1	1	1	PASS	PASS	PASS	PASS	22	20	3	f2dafdc7bcc2a27b74899c12feb0bd66b919c76e1908b38c4fc600207b7563ad	d69333ad6e44ec67ff724b8c91b5ca50a9cee52fc6096e76496a6dc9c410fc31	1c59165c1fc7b2c5e6cf607637086dc3a0e8776c6e4e1ac96510cbcc002c6b4e	175d2835b33a93e5d00c303d42662f8ec289673f1f0c20999ca7a5639a63c50c	<none>	<none>	<none>	<none>	2	0	3	"BODY_DIFF:""0_for_keeping_some_types"""
Os	115_generic_sret_array	BC_DIFF	0	0	1	1	1	1	PASS	PASS	PASS	PASS	18	16	6	572c792bb061b093c9c01f88bfe9a3e15adac1d475eefa4039fe85fb35af8e1a	919ba0faa217f643a59a28d11ed02f5c5ba8e0715ab7167a63cabaf3aebba02d	e223dcc8a7c175f77aade0cba6612ca56b7e3ee650ca91823c3d6b0b7cb3e106	39465b6ea1ef3c99ee4b81fdd9bc02a3b711a7facb42f48475b3869dbd55cb1c	<none>	<none>	<none>	<none>	2	0	6	"BODY_DIFF:""0_for_keeping_some_types"""
Os	115_global_init_order	BC_DIFF	0	0	1	1	1	1	PASS	PASS	PASS	PASS	24	22	3	4edc1541d3c87cac207c4203ccbdd6459b941873752f43fd254a2ba56568a5da	4dffb43b8c7198abd47822830252792f9c326334d90ac6e2cdb2b98e47172f70	a3a38ef39b854fbbc4e30f0d3689186866f27bdebce1d57fc9f9e498bac3b81c	e66a6fcec73601080b137f3d2b3af905961c53c732be7af6e10c5e2fbd24c501	<none>	<none>	<none>	<none>	2	0	3	"BODY_DIFF:""0_for_keeping_some_types"""
Os	116_nonprimitive_array_literal	BC_DIFF	0	0	1	1	1	1	PASS	PASS	PASS	PASS	20	18	4	b9ec71774eca60e2cbb6f55c1a6e8ee8a0a9faef9f27f5cc7d12209536b5525d	65fdf3912f0bec23d390dfd402320b775da379b138adb30ac9bcadab8d7b4159	76c477fc01cf39ebec34ad2daf933ed2fb682355b7c9b24845e8a3115ed6086d	bc065eac7da805ed1dd7a3e09cb1ade0e6179866e9acf79c13825bfabe6b0a85	<none>	<none>	<none>	<none>	2	1	3	"BODY_DIFF:""0_for_keeping_some_types"""
Os	117_array_intrinsics_get_set_size	BC_DIFF	0	0	1	1	1	1	PASS	PASS	PASS	PASS	18	16	3	13aef83525ef52de149ec528428e197e52171d38aff6508acc39b5eec80cc156	03ab8cf0b041e3e0efc6c6a17eeacb3d86a825892320d966df51dd7ec5fbaa66	94c5add60a601253b3a2ecb557e8e9fa671c18db7eb19f1769a3fba751be0e01	ed033baf46260791b91f366d33e14bed42762f52e129fc1b5e3b1b88a82cbe99	<none>	<none>	<none>	<none>	2	0	3	"BODY_DIFF:""0_for_keeping_some_types"""
Os	117_literal_escape_normalization	BC_DIFF	0	0	1	1	1	1	PASS	PASS	PASS	PASS	18	16	0	d322de4b1b8733a1b27df9307787d7e6e77fd690c376552622f1dda9b7723651	2ddc581452bd461f2527b621e06e468f7086551d3bf6f397ba78e7a670ed8485	e2c964bdf3a935990062d4ecc78976a9177a08979cf80cddc291dec4661f6389	45595458767ed166fdd49cd78bf542dcaf0f9d1e36aa93dc09e36edff2d5e2e9	<none>	<none>	<none>	<none>	2	0	0	"BODY_DIFF:""0_for_keeping_some_types"""
Os	118_postfix_newline_boundary	BC_DIFF	0	0	1	1	1	1	PASS	PASS	PASS	PASS	22	20	0	12b13a36868d8fc221c16b526c9fca34f5a6bfb0bc4b38dda416c27230e84691	ecd520ef4b2c9aed1a53f51827cdacff49315ede0e45aa911fe573a28bbbd8d7	699c602a43b6f62b50a4303e8ba507a449e1d6ab925231afe325d72d47bc524b	8be61e6d58681e74418becf27cfc9d5f2e51df05f081c7bd574d7a4aecb9a4a2	<none>	<none>	<none>	<none>	2	0	0	"BODY_DIFF:""0_for_keeping_some_types"""
Os	119_literal_multibyte_normalization	BC_DIFF	0	0	1	1	1	1	PASS	PASS	PASS	PASS	18	16	0	e82f50d060ba97cc2bb17361ea83f27a3fac9bc75a2f890e92ba5d99736a1283	39e0912e155879c720a6191b6e89500b77ca950a760bf1e59780dc53ab04c0c2	64d2db3a837fddff3156c89cb67031696b16c3d93529e394c09305c9e11682eb	391f15d1efd35ccb7557f62637ec9b6c83512aff6928e3fd13b996fa1b5f2525	<none>	<none>	<none>	<none>	2	0	0	"BODY_DIFF:""0_for_keeping_some_types"""
Os	11_str_concat	BC_DIFF	0	0	1	1	1	1	PASS	PASS	PASS	PASS	18	17	3	b877ea7ec9fe6e16985c774eaa074682d542c5dd8370ca5126d9693122e5fa8b	79f96d96325d78d01136d72fe2bcb836b7cc9da4a72445839e3ef64b3ebbcfbd	1536f75f08e5a9f40a32a6922f39d193890f019c5cda889d60512090095cb92d	3a885a2a56053f40fd0882e21d32be16f03fd61ed04d180d6f0ac16db4790188	<none>	<none>	<none>	<none>	1	0	3	"BODY_DIFF:""0_for_keeping_some_types"""
Os	120_ctxexpr_iflet_embedded	BC_DIFF	0	0	1	1	1	1	PASS	PASS	PASS	PASS	18	16	0	c558a0982692812f3dd0ebe97c9a02ba51062f2d774616f9bf296ab74adb0dbb	e0aa05c73a85e76d6f1b72bcdddc01a066207d05d93054c6d29eaa253d21c6e7	4a88a64424642af610e47646c119dfe7ab8ccd6b35a857e4037ab1a27989eb08	1704d0ba7f5f8a7402ea75dafcefaa6e61bf4bee4c2029329d5a27aa92bb2720	<none>	<none>	<none>	<none>	2	0	0	"BODY_DIFF:""0_for_keeping_some_types"""
Os	121_generic_body_lambda	BC_DIFF	0	0	1	1	1	1	PASS	PASS	PASS	PASS	18	16	3	83584497a6eed6255af43ee695dc2b34914423b142c40539cbfdc787ea4b0b10	8aa6ee560998b0cd5fca45b5b46b1a881c5bbf407bd07ea9834652c57709bb60	8785460cda131cf9b8eedba185c233e88abe5072332c9a6bab137e7b43d6736a	60b3a42eaa083865f6c63a6b272b9d664025fde8511970e6955b6b7780ecdb9f	<none>	<none>	<none>	<none>	2	0	3	"BODY_DIFF:""0_for_keeping_some_types"""
Os	122_generic_body_lambda_capture	BC_DIFF	0	0	1	1	1	1	PASS	PASS	PASS	PASS	18	17	3	a50507872c5df826ff0cde97ca73f4d043506ea65262e6f4b4e89903ee8b0e56	bb415f8c2d3453fb10a53cedbd361dbfdd80ac3408a04403033f130884ced06b	8d22a80428623d884fb59599bb4c8b209bc8986e20c478289304eb4fe73b3907	edc097b476da816264082d74468e3056029f32265386f84ba0df676aba99dc49	<none>	<none>	<none>	<none>	1	0	3	"BODY_DIFF:""_CN7default6<main>Hv"""
Os	123_generic_body_lambda_tuple_last	BC_DIFF	0	0	1	1	1	1	PASS	PASS	PASS	PASS	18	16	3	5e4d45c68008e3bb7b9942e9a916534cec7dd1fcf49a8287aaf59778fefbccef	ff54d022bd5d6c4d6c2ae0f248a91d19c4d19d1acb6ff5a954d4fe7943cf6400	d31b0f57a6528a4ed1ed082a296a3a7de988bfa1b5d01bf27bfebd4b7a849d24	ae50f9833cbeb3b96f20cf7ddb39c8ab3a3b641e7cbce0812b7122a0641fc1fa	<none>	<none>	<none>	<none>	2	0	3	"BODY_DIFF:""0_for_keeping_some_types"""
Os	124_generic_body_lambda_struct_last	BC_DIFF	0	0	1	1	1	1	PASS	PASS	PASS	PASS	18	16	3	f78642ec47ee855c33a4294e1df49e1c948647c5ba02d622a68f67bcc9902d12	84e86c95c3e1508e42152c8f88739aea4268b3a002f5bda281da94e6836d9e0f	1554b57e8ef93b62d4e067c167cb6528e067290936b41bc3b6c5c7927488b0e5	79b07946f97f631550f1692028cce3d0720066a570a15faebf3874ca1cd658fc	<none>	<none>	<none>	<none>	2	0	3	"BODY_DIFF:""0_for_keeping_some_types"""
Os	125_generic_body_lambda_higher_order	BC_DIFF	0	0	1	1	1	1	PASS	PASS	PASS	PASS	18	17	6	59e92b5d914b7ccc26a3b7af944c944c06a938c42d0e13d8ec32269a5d2ec673	a50c0b4e7acb89cddc3a63f77738d94a1591fdee48806556e2cc035092ada582	c4c166e5a407930d150aed5333ff2fd10d2374b532d896d03b6f9ce12aaa8b52	2fd2b7120905d10d3fc0e7d33a57bad4eb3f142c2afb9278f5ff64907ea01db8	<none>	<none>	<none>	<none>	1	0	6	"BODY_DIFF:""_CN7default6<main>Hv"""
Os	129_spawn_future_get	BC_DIFF	0	0	1	1	1	1	PASS	PASS	PASS	PASS	22	20	0	47c7559c3a8452e1faa88d37a9e88c4719fb825a5be5a27682407c4b0dd5e2ef	b7d694819cffbae730df93b15b8adbac660486b5794cde2af70201e871445279	64587307eca263eebbb2792b023a62b03a89b8d42ae23d9383ad88a1509d2f29	65d3e9194b9d87b67a65c7a93f758264008a6861efa29e590b43e3ff41b13728	<none>	<none>	<none>	<none>	2	0	0	"BODY_DIFF:""0_for_keeping_some_types"""
Os	12_str_interp	BC_DIFF	0	0	1	1	1	1	PASS	PASS	PASS	PASS	18	17	7	f2a7fc38dac0d54b0e7704fc4ead94f8df840fd880dc9ee9382443b2eedaaca6	528d2fd17935f7a7fe92900a241a11230242457548209b55994fe1d496945ce7	fb4ff5512514315232250092c0e898a302969f5f016a2e4f4814b8d8e6a211ff	4265c601e082c650a81f3f41e072c85cf5047083ebee17756f0560db724ecb9d	<none>	<none>	<none>	<none>	1	0	7	"BODY_DIFF:""0_for_keeping_some_types"""
Os	130_spawn_capture_future_get	BC_DIFF	0	0	1	1	1	1	PASS	PASS	PASS	PASS	22	20	0	9f4d87e6511642fd71dbbe369b98a421b56d7657156d6cc7b5ed7a857a7ccb77	d7becc38841e4e7833656a6f08af3fc171802efd6e333501bc9433e1a81438b0	8033af8d97596fcd46b5a7e7a5f55a0d91323c5aeb9b5b3d7c091e787ad68cd9	7b694b906b4f683688c83c88b373fdede7028d0220e21ed09e7f6d90b3554223	<none>	<none>	<none>	<none>	2	0	0	"BODY_DIFF:""0_for_keeping_some_types"""
Os	131_when_local_decl	BC_DIFF	0	0	1	1	1	1	PASS	PASS	PASS	PASS	18	16	0	9d3abf73821dd884b063cc6e1c8646b6c77a08e2acdaca0df007168b9c7fed56	003d2decd290e8f285b278bbc121a9d1c9414ad6a618158e2178c1c99d31fd37	7a882ccd98c3e8a14a9fe08ff7f1f5fce0780a80ec6360d8178188da6af00b93	75fb129c96012b1e8580086b8dcaae86cc6e3e18ebf8d43a4b74db62bbc50c2e	<none>	<none>	<none>	<none>	2	0	0	"BODY_DIFF:""0_for_keeping_some_types"""
Os	13_tuple	BC_DIFF	0	0	1	1	1	1	PASS	PASS	PASS	PASS	18	16	0	e80a06033d2f0d2e267f2da29962ae37b44475b2cbfb81da201d5c4ec801272b	fdf435f3c0cff5fdeefcbc788317b05092b95a66d7631d779561d1739785282d	0a517ab4dccfa2ec053500657511966f9f88f8a34d2e2900ed0154041aae3648	503e6386a59c78ae0a5d41a9fdbd21b5a569e65b77409fedc0969bfe367081fa	<none>	<none>	<none>	<none>	2	0	0	"BODY_DIFF:""0_for_keeping_some_types"""
Os	14_default_param	BC_DIFF	0	0	1	1	1	1	PASS	PASS	PASS	PASS	18	16	0	f68190f082ecb9faa763a8eaf4cf498c3f330b82750edc2bd023676f5e81dae9	25bb6a3b0da70bc306141930f549ba9674d56edf94279f8d651f9f387703d96f	525a61257f86bd83ddc793fa67a87ae4aa6f188cc1a2856a5a566222ebda9edb	99011550d9a3acfde1f2a3eff6ba65e94ac7c333f16ae0fedde9fd149a9724f8	<none>	<none>	<none>	<none>	2	0	0	"BODY_DIFF:""0_for_keeping_some_types"""
Os	16_global	BC_DIFF	0	0	1	1	1	1	PASS	PASS	PASS	PASS	19	17	0	5e9e2b947353716c57aab98daf99c16c9214abbe3dae9df219a3574cabe2fa1c	d904a1f9dbb0a43b5fb6c8ff99832bdb68a8ecbdaa371bd4895031e2cbc07140	8918e44b37d45aad2164a2586da7ff6a85ac80950025fb10d79e350cabda29bb	564fc2f337895c9086d0da904223378190345503452b2956361e0f32fbfd77d5	<none>	<none>	<none>	<none>	2	0	0	"BODY_DIFF:""0_for_keeping_some_types"""
Os	20_struct	BC_DIFF	0	0	1	1	1	1	PASS	PASS	PASS	PASS	18	16	0	3b1d2838974ac3f5014822d16ddbe4a281cac97b19aaee52d216a1342cfe57f8	e0063ae0fe294d7f2171d118dd486c9897a6823576a1d6f35566c3e8eeaf07f8	f2982f88036bdff55188fb058ff2bef77f5c3312e920a481c9b386c7ca7ccf6a	3fe6935d5420b3f5e4472a5c6e460f88a46ece1a352a20999a1bd10d6bafcf8f	<none>	<none>	<none>	<none>	2	0	0	"BODY_DIFF:""0_for_keeping_some_types"""
Os	21_enum_pl	BC_DIFF	0	0	1	1	1	1	PASS	PASS	PASS	PASS	21	20	0	c0947bc80602d5f53dcc0d21b7739a560c952c666b0849ff2648752c8b28b28d	7ac91c9e71da63521900427f8000243c053848dd2b10fc508e41ef912c93cb71	b3ff35be02a014ce81c07ec2ca0f17309b6690970d78f91ef3a115abd6be3a23	4b52bf9816dde916677a76b51972e66974c4308195866a4edbf8b7d50b1a6bc8	<none>	<none>	<none>	<none>	1	0	0	"BODY_DIFF:""0_for_keeping_some_types"""
Os	22_enum_rec	BC_DIFF	0	0	1	1	1	1	PASS	PASS	PASS	PASS	22	20	0	1ec0ee504b518f4b03e5afd7c6f38f3dbff05867d54e009e54594a69db9c0552	8396031e019a1797242f18d66c621df3aab098c3955db28c5f0a7909c3841125	6218e99fdc89761a21a69f31f2ebe31bcce62b022e5d25a9779b6d2e06060abe	9beb0b9dff34411b50caada4fb87185fbd2d47bf4a628f349199d1da46caecc8	<none>	<none>	<none>	<none>	2	0	0	"BODY_DIFF:""0_for_keeping_some_types"""
Os	25_extend	BC_DIFF	0	0	1	1	1	1	PASS	PASS	PASS	PASS	18	16	0	1dbe8aaa29f4248ace0d63c8fa504882f4af1fcb390c87293f583961a68a1c2d	80173c9f43c5897ef0fdf4f1ccbbf97b815afb18be0ec4956c7e77745ede5f6f	9c9b76286fd10721459bb6d1bd753c2c66a01fc555051c7670bbf9d69f57868a	fb98d1bf60fb502e735f5ff40084d406d4a80e6436ecfa6beafbcb9e9ac9d320	<none>	<none>	<none>	<none>	2	0	0	"BODY_DIFF:""0_for_keeping_some_types"""
Os	26_enum_method	BC_DIFF	0	0	1	1	1	1	PASS	PASS	PASS	PASS	21	19	0	7bccca3c4d7b90f3ce095297263928f6edf76f905bcfe2d8223af74ac37b4acf	a6bf0bd0499fcaa57a70290c34bbd9283d9b503ed00a93ae1222d4bb003e84a4	7bb31bdab493f2699b583f07905ec52dbcf0c1a7e37d2d920655de20050a6dc6	ffae8392ee19c37c3876bb059dd8f0bb2afe43f3d746fe0251d8081417313bcb	<none>	<none>	<none>	<none>	2	0	0	"BODY_DIFF:""0_for_keeping_some_types"""
Os	30_class_basic	BC_DIFF	0	0	1	1	1	1	PASS	PASS	PASS	PASS	19	17	0	5e028d25a7d2e98488b86cf4749c8730a0eac21f871560952d30c48407cf4718	2ab336c250771ae012de6e65a6fd8ecf65b07624dbb87b62978941c1b64e1b95	b6ca0cadafe2f21dd3a34d6115f1cf8fb19779db87830558033bc2041464b5af	8fd028aeb231024514db8e92308b90edb65bdeed590c927fe050a6246d28da32	<none>	<none>	<none>	<none>	2	0	0	"BODY_DIFF:""0_for_keeping_some_types"""
Os	31_class_alias	BC_DIFF	0	0	1	1	1	1	PASS	PASS	PASS	PASS	19	17	0	aa9334c1396ac0bf381e3cde8e4661ab81f99d5a33220d23c0f4dab6f108fe99	1ac4edb5ec7502b9ca6c7237d586d93da38bf6317df31b9b10c47858ae3c9a0e	cac51d65553f790bdf22409a618b21af6a0688e1e0476ec7e0873bba0a674b53	cad7f731c0d0b2f92e42f89a17c37936255f05773765c85e943437b7a61cbcff	<none>	<none>	<none>	<none>	2	0	0	"BODY_DIFF:""0_for_keeping_some_types"""
Os	32_interface	BC_DIFF	0	0	1	1	1	1	PASS	PASS	PASS	PASS	20	18	0	11f00de3e9654e28c9dbae77dccd941b6dcca96aaea80527796b8d58f1acdcd1	5181c78a883d034a09392de08e67190b67882e93a2934975c8d7cc5cba88f5e0	577350757751c8e1723447fdc27d3d5d764b56ddb815a7424c8da30af3bb356a	5e56e752986f7b300a4052bd647856362e1db66c7f3f474477d70311729af79f	<none>	<none>	<none>	<none>	2	0	0	"BODY_DIFF:""0_for_keeping_some_types"""
Os	33_iface_generic	BC_DIFF	0	0	1	1	1	1	PASS	PASS	PASS	PASS	22	20	0	c8b8c4bb19f83ea124b3ed9dfacac4e06a567c5f0dcd73e2ef313ebaf7e78520	c2ee6555c1d21e9ba5cea5d8cc454cef510e0d2cdfc613e9f722c91762f29193	4b5fd13bb0fdf1e68a44377307c3b0e9970a10e72d0c578888ae50093eb9417b	2ce4cd6f0bfc733ab7a90655bc9ad9691587ec42b9c3617e86987cd288eaa95e	<none>	<none>	<none>	<none>	2	0	0	"BODY_DIFF:""0_for_keeping_some_types"""
Os	34_iface_default	BC_DIFF	0	0	1	1	1	1	PASS	PASS	PASS	PASS	21	19	3	a8681037de406ef1e37fe1eaea7886ff6b1d7bc309c8894d8741c44e379d9faa	b6a9acdff770ec8192d0a7ecee6923ea59ca2faf1f948fa2e0536a86b721da51	c9064e38bb37d402c827243368092d583ce29331b16b1265dde46e0c291852f4	226310fcffbd747615b5798abf5edc02ce578682cf7ea37f777380de5270fa1b	<none>	<none>	<none>	<none>	2	0	3	"BODY_DIFF:""0_for_keeping_some_types"""
Os	35_match_type	BC_DIFF	0	0	1	1	1	1	PASS	PASS	PASS	PASS	20	18	0	1e959e944258194b724420e58054a56b006041c1f8d93306db8a5358d4900c66	85660702d8d8d44e309f5d3455ca2692c86c95c660e478a5e43e54e92d93fc4f	9700093d5dda45570c7b1bb1c0a1247c8be3a7a86839ff40430483efe63d186d	fbe32f5da7171768f6b1913aab86b94d45a84ec66aa6391fbb490fb691e28c1e	<none>	<none>	<none>	<none>	2	0	0	"BODY_DIFF:""0_for_keeping_some_types"""
Os	36_struct_geniface	BC_DIFF	0	0	1	1	1	1	PASS	PASS	PASS	PASS	21	19	0	1726f7b3c90b4cc3e43518e196749507f7649816161e7ba8dab632ac971e2e87	1104a9f1d9ceaeb3c0d33871bf948709b3cb453964526e90f3ab12a7de9abcea	1a650bbbe8c7aeb520b10c6b3eb4bbfe04d9239e5c91135ab1940104cbf8d4d6	a3c6d5c82ebd641a739029c77d1d683aa7c29381ba89cbda912619d1a0bbbf73	<none>	<none>	<none>	<none>	2	0	0	"BODY_DIFF:""0_for_keeping_some_types"""
Os	37_geniface_param	BC_DIFF	0	0	1	1	1	1	PASS	PASS	PASS	PASS	22	20	0	c86535562915c47178d5c9fba05e327d57bd6fd92b17d12296fef53daf63273c	311e4c36beb878a27f668f9dccbdd7aa6997bdc815816c00521e7cc174c6f543	0b9ff7ee5007d1350625b1849a4b891497018ad35daa2bd8315b8fb888bc1d50	97ba4cf6f7d15ec63ee030f026cc1ba1a068a538bdca8654660779fbc9856a14	<none>	<none>	<none>	<none>	2	0	0	"BODY_DIFF:""0_for_keeping_some_types"""
Os	38_geniface_struct_ret	BC_DIFF	0	0	1	1	1	1	PASS	PASS	PASS	PASS	22	20	0	75d10352f5de767f7ff3f18575ade7a24405f21b26d0db4ea04d31602ac2013c	d96a48a66bb754340b77fc95d0368961afe6f39d40a75545cc6f72b809a9624a	bde464b9d81a1f410d1c4f974b1ed19723d889b85d8349dabaee5bc91758856d	dc907799d5ca5b273ffb87019682517f6dbd459f534704cae8cde0a845f55f27	<none>	<none>	<none>	<none>	2	0	0	"BODY_DIFF:""0_for_keeping_some_types"""
Os	40_array	BC_DIFF	0	0	1	1	1	1	PASS	PASS	PASS	PASS	18	16	2	da7ea846217de24342b93eeac4c30da13b85ef7b65142ef9c64df80512167346	7bd6f787e957c73523275404583e8a7c32dbdecf3c45e47762d54f0ab482953a	868fab992d0dc48d0f093c65e3446290dfac775b1351e9378e9129b1e565185e	9367abad1296b6dfae854adf70a3001d072d0f0585d87526ce327da3dddf9838	<none>	<none>	<none>	<none>	2	0	2	"BODY_DIFF:""0_for_keeping_some_types"""
Os	41_array_loop	BC_DIFF	0	0	1	1	1	1	PASS	PASS	PASS	PASS	18	16	3	77545b43a36280dc9276f0ad244349716365a70a8ed80a99079a03401da32e2f	ce4ff7cde63341914bf442299293dba4a09e5a7c0139aa796a63b36bed22e2a9	8bf5caeff4c0c86dc3548995e96a7342b2681c124f0517a79ec5a9209d49303c	addfbc37e80c3c1b9645e074fef850845dafeacbead0888fd56ea22d46a8474d	<none>	<none>	<none>	<none>	2	1	2	"BODY_DIFF:""0_for_keeping_some_types"""
Os	42_arraylist	BC_DIFF	0	0	1	1	1	1	PASS	PASS	PASS	PASS	21	17	18	9e2031997f01edadb9a5415954af827052cdbd7ff4a5f51335a62480693a6643	16607e684ae2411c32578c8b4509818370388e5a87bc46d6d7703251e05e52b9	ea406c14f4e9dfb1244d1bc9161defbd1873c1c66e5e20446333f80b2f1b0319	4ec3e3e0ef722beee83a75fbd3b026a755498d01af580bfb8f9bb5a6e08bf54e	<none>	<none>	<none>	<none>	4	1	17	"BODY_DIFF:""0_for_keeping_some_types"""
Os	43_hashmap	BC_DIFF	0	0	1	1	1	1	PASS	PASS	PASS	PASS	24	17	32	91c535401c178cd8fa15860f095a397219d975f0b1986b5592067f09cbd6d673	195d86f8d4d0147a4031befcfe086a971640c7180f5ed486e168d1ab5a507254	d3db39ade8b47a4d787ec69a5e6e4a0e76c70cc955f3dd00ff53ea556f30ef10	1c41d039782938830ceb43f5a07c2d8442f19eda741f3245ee0b08e8b6d74b96	<none>	<none>	<none>	<none>	7	0	32	"BODY_DIFF:""0_for_keeping_some_types"""
Os	44_list_methods	BC_DIFF	0	0	1	1	1	1	PASS	PASS	PASS	PASS	21	17	21	2428625c33d8093ecb99e170dbc413a9db3522b554ec7b475f18c4f354c3feab	e5f6941ee67cadbeb4e66f475ddf038a44864c0a6b087a7a41317b4789dbdc07	c89302854e9e82664220464d6bd69c84b6720bf8e85fd5af60db62689b988e7c	3c43cbf08761f30858a4f4f6d18349fabf9bcdf9e4892d4b40d9657740fd1f38	<none>	<none>	<none>	<none>	4	0	21	"BODY_DIFF:""0_for_keeping_some_types"""
Os	45_string_methods	BC_DIFF	0	0	1	1	1	1	PASS	PASS	PASS	PASS	18	16	0	206896496920245e3c135f0402dfda0ce90081095d39c5a5f9fcdd0f9f5e328b	f2cf119255a3f364eb80f5b53e2e5d01ddde56ad47c6ae0285ea5772d0012f13	e14921cfd0f9509171b4ffabbd10c8457173f3098aa5c60df27b468e5e65a09d	d4c7a653f5f9cb0bc043e0107c73ecb0fc50f459da6e3cd9b650b6d0591b4c86	<none>	<none>	<none>	<none>	2	0	0	"BODY_DIFF:""0_for_keeping_some_types"""
Os	46_forin_string_count	BC_DIFF	0	0	1	1	1	1	PASS	PASS	PASS	PASS	18	16	0	ca52d4c32fb68aa7177b1ed537a6a5ba92af68bfcf3719ee4af2b398ba692ca0	52866cec79d80bceeb8a761e62b1a63ffa3eee7dfe073e8b02b79a709de6451a	7512b080193a244982b8174917fe0d7df1388e52a445cc4d07aaae50843e91aa	7093a5f3a06c7213dd84116a1c756384f1aab696acc8d70ac160d43c72fe718f	<none>	<none>	<none>	<none>	2	0	0	"BODY_DIFF:""0_for_keeping_some_types"""
Os	47_forin_string_build	BC_DIFF	0	0	1	1	1	1	PASS	PASS	PASS	PASS	18	16	3	fb81c38c68a0de55661565210443146c3e64e1330d2495b1fb9e88acc4501da4	45f3030ed07e8995db2138e835f57c26e7eeaa5f40dc90a171d444aff1fc9588	15468c78f7ce883f09629b367cb9a747c6f2aff99fa3d4bc78559317ad87dab4	afe9e6e3a7c4ef016ed1a827dc5fd4949044124f85ed3b0ae81db3821dfdabbc	<none>	<none>	<none>	<none>	2	0	3	"BODY_DIFF:""0_for_keeping_some_types"""
Os	50_generic_fn	BC_DIFF	0	0	1	1	1	1	PASS	PASS	PASS	PASS	18	16	0	700f977da9db09df3a6306e8ff2bd3dfe96cd7abc470308cb5cab84f723cc194	147574918c6d26d23228cc7ff8a3eb2d325095d1a364f80a21ef4d06ecddbe3f	20050aab6128e8fcfd35d7a844854ce7c9da87599ecc23c127deea05ec37645e	97398710a64c71d1fa206416a989ebb327a589a3e8814c91090d028dd25042b1	<none>	<none>	<none>	<none>	2	0	0	"BODY_DIFF:""0_for_keeping_some_types"""
Os	51_generic_box	BC_DIFF	0	0	1	1	1	1	PASS	PASS	PASS	PASS	22	20	1	b13b1885473d2fc79ccb3c7506ccb44fe4e302a00acafe47d5c56c7596da5858	c4ffa1da1f5e6d1b7daeca867e3d940849d9f942865610d450736d9b321aa862	16f07668dd2c312e07d5f2a771b08357f501c5db0ec41608e5a111cca77586cb	37e788daa015ffe3ee66a6820bec4893e87d4cb04a7b2cb6a61e400363c7a891	<none>	<none>	<none>	<none>	2	0	1	"BODY_DIFF:""0_for_keeping_some_types"""
Os	52_lambda	BC_DIFF	0	0	1	1	1	1	PASS	PASS	PASS	PASS	21	19	0	23955b7b7fcc5f729661b06e082b1d692f647be8a2a0e6a7982df19c0efcf6e9	04be19902b5eb925c98abfb9431c5e1bad0de1b9d0269ba812d071824cadc230	6a08e9374f4fd40b7557eb318418eb6274b16d8ecb01f12ba2c5244bffd00486	3bd0e044632cba04281ab62944b1e03dae26473b43c60058fbcffb73f936b94b	<none>	<none>	<none>	<none>	2	0	0	"BODY_DIFF:""0_for_keeping_some_types"""
Os	53_higherorder	BC_DIFF	0	0	1	1	1	1	PASS	PASS	PASS	PASS	18	16	3	1a75d547641358fa14800cc827ad1544a08bec5e480e6c530b1062f0640c571e	74799ade84390a9984e9442b3ae3d4d898e81cdc44e2203922c08e909961aa73	1477e1b255ae6fafd5471c420ad530b2ce40ce06a3effe803b6a8b67986a4292	ecad3d0f71e871d6bde6291082fe9623709c0eace3d743803c08cac93bf7d99a	<none>	<none>	<none>	<none>	2	0	3	"BODY_DIFF:""0_for_keeping_some_types"""
Os	54_generic_bound	BC_DIFF	0	0	1	1	1	1	PASS	PASS	PASS	PASS	20	18	0	4a3ebf0657c5e46aba3d1cd2c634746093d84bd54a24036b78abbb06b33f8ab6	fb69c77ecb45da06a9c8cc65d472ed9d7659bc714710b3b66b71e4b50606e3d8	54a4f6a38d41fcc4e3c29b5a0fce9a31276dea8e355c5e465c7aad3dcff54ca6	05c3b8a4cc31b1c1692ef7eb48788b036fa5d8f46a9fcda1c648773446c64ee2	<none>	<none>	<none>	<none>	2	0	0	"BODY_DIFF:""0_for_keeping_some_types"""
Os	56_untyped_lambda	BC_DIFF	0	0	1	1	1	1	PASS	PASS	PASS	PASS	21	19	0	6ad4cd9ac0826c7fd44a128b3643c2f67d66458b33b1994ff0b22714db5f57da	9b7682a0e07c23e734d6ee7c81185f925b01acac16bc17ad807e82809379fc12	8509fb4f135e75f5bd69c3ccc3163d5075667f001c9183879064ccc393ff7ab2	b4798143c3b9cd2aa48265d1dfc68ee45d824df75a4c56b0efd4ee22ce4a110c	<none>	<none>	<none>	<none>	2	0	0	"BODY_DIFF:""0_for_keeping_some_types"""
Os	57_array2d	BC_DIFF	0	0	1	1	1	1	PASS	PASS	PASS	PASS	18	16	12	d3725314dfe9de435bede3817e66430e8496ffaab6f4519e5060b53fab77f199	f35936aa2fcc03083ab1224ee8be249b443b0732c0aff83aef744b8dcdfde3c2	cd170c032c9cc709e36fbc16a65447d0cdac1292acb0bffaa309c76ffbef44da	4e5d9b3a7b6bd552055321ca390319855b9b15c3f448986f2829c70fd69080e2	<none>	<none>	<none>	<none>	2	0	12	"BODY_DIFF:""0_for_keeping_some_types"""
Os	58_array_struct	BC_DIFF	0	0	1	1	1	1	PASS	PASS	PASS	PASS	18	17	7	0a846f8a582580b23cdcda1b7c552c75ae85ed350b43c720f10c3361cfaaa558	49d30ab74b3cc280e17b6f960e534ebc8b886e531f4d266bc24a52b039aa87ea	037f69151f0cdb52cbb2d649de3f7e51d7d829183558bb7abd45655fab4115ba	a8574af8c3e201103f98e80090bec31830d343bc69dbf7178bed18b99ba1a855	<none>	<none>	<none>	<none>	1	0	7	"BODY_DIFF:""_CN7default6<main>Hv"""
Os	60_option	BC_DIFF	0	0	1	1	1	1	PASS	PASS	PASS	PASS	18	16	0	86ac14ba9e06c257ee2dda56e14bd1ad16aa08c4760e355ca658a0ff0425ce68	ac026803ea71d2ae992c350419dda9f966491fbe0d0708ef90da8b9e6fed439b	bf05e1fe8b5f2330b12d62643ccd220d5f20ab50bfeb765d31cdf8da43feb329	aa9d4091d4948ff2e25d4209dbcdaea10930d5187b658ba78ccc6bcece98bd35	<none>	<none>	<none>	<none>	2	0	0	"BODY_DIFF:""0_for_keeping_some_types"""
Os	61_try	BC_DIFF	0	0	1	1	1	1	PASS	PASS	PASS	PASS	18	17	3	3577e9cb3433d4af31fec89d78f710f4464d9e5df28ac7dbf082f0311d9ff590	3e041294d68c941f1609511cacb3dbe61c09d30e37ef806b330eb2dc43a2dffb	0cb038c73d29b9b1820b02f8c3177e3b47a6597432ba0f9918d29baa79cc700e	a21348ef2dbb5b7df4d1cf3c17db2a5062fd9998d5ed7da5a0875c50167c6bb9	<none>	<none>	<none>	<none>	1	0	3	"BODY_DIFF:""0_for_keeping_some_types"""
Os	62_iflet	BC_DIFF	0	0	1	1	1	1	PASS	PASS	PASS	PASS	18	16	0	963ba5fc0ab96175b678bc60adee60c1fd2a5f498e18d322dd71dde99ee5015e	73868b454fb271200ca78142a7a784d5c88b8b6480472cbb5f2f57c27a834633	776cc876996c3b285a827d5a694b03e7710e82125c7fa045f955960b2af52f7b	64ca0da327fe70bfe1578ff9718bd1fff5793fd345b70eca6231881a3463905a	<none>	<none>	<none>	<none>	2	0	0	"BODY_DIFF:""0_for_keeping_some_types"""
Os	63_lambda_ap2	BC_DIFF	0	0	1	1	1	1	PASS	PASS	PASS	PASS	18	16	3	61510bb243f60156a70e9b21b707915f987b981783c08dd96597d74ae891650d	8ef2df4d8b5714d5bfed9f2371d87de97a3ee2edee2284dbabeb30546a4af71c	3a42ca647ce905547d7f84af4367788b3dcb57145e97f457186bdd92a23a0e4d	2174b22c666eb7e1fece791b8b959dcb04a1ee6124d6ef6121df4e180205c836	<none>	<none>	<none>	<none>	2	0	3	"BODY_DIFF:""0_for_keeping_some_types"""
Os	64_lambda_overload	BC_DIFF	0	0	1	1	1	1	PASS	PASS	PASS	PASS	18	16	3	f0fe85b5bdc04094c22ffbca65c12ba78cf8fa5ac293a01ddac89fb55d576ee3	d93b49cca1e3e8c30bf6602ea672bb7f78039a365c8eec984fcf08be5bf77721	cd289b5469d9271331a494c5fd0caac56c7fb94bcf71a4af4297a0cbb67acabd	2bd7a05b1fe6111688a9914f06c1bb9eecce96e59849c8c58f7545293e629db0	<none>	<none>	<none>	<none>	2	0	3	"BODY_DIFF:""0_for_keeping_some_types"""
Os	65_lambda_capture_array	BC_DIFF	0	0	1	1	1	1	PASS	PASS	PASS	PASS	21	18	2	1f28eceb8643c3f4aa9e098b8a718058f84a523949b60699a13a35daa0899a6d	2d53d49954f1b8acb5ee18f279f102cd0613654b66724db25bb78f8877126410	8851e421b966d964cb1f3608aac833c72a948fcff69a6172087f8d834850ed55	42e98cd874386790855791cc9b711283a8322a84f6abd02ba1352ffe8f4f6738	<none>	<none>	<none>	<none>	3	0	2	"BODY_DIFF:""0_for_keeping_some_types"""
Os	70_throw_catch	BC_DIFF	0	0	1	1	1	1	PASS	PASS	PASS	PASS	20	19	3	08967ebc85b010db0b1c6f92b6bc4bd70ae8c0d87e79847face5b16d978fad27	2385a8e73d51eaf49298aeb7aab7d727400ada9148c2528e0e5fc5756aff8db9	ae67fb2c808dcdd9750ba8e1f788cd751ced929eeaad9f4841a5d2c3ae207871	893bc9bd2c6e5769ed00cbff4537c24256b66937204d150c0bec6fef19554af9	<none>	<none>	<none>	<none>	1	0	3	"BODY_DIFF:""0_for_keeping_some_types"""
Os	72_multicatch	BC_DIFF	0	0	1	1	1	1	PASS	PASS	PASS	PASS	18	17	3	d15d5a5f42fe6822a91c63a80c09ad76422eff04b2e83ac8ed37225eff9024f1	6a7791eec1e1db375784c8916864eef44206b3e2eac4823ef7b07af91cbec6c8	89d1eba0e34391c39cc31c31e74ee1284d4ed5e873dcf03e33d57de236bf2527	9cefb783dffb60c4942752a60432807268a3e2eab1253dac51e8b8ff453ad2b5	<none>	<none>	<none>	<none>	1	0	3	"BODY_DIFF:""0_for_keeping_some_types"""
Os	73_and_assign	BC_DIFF	0	0	1	1	1	1	PASS	PASS	PASS	PASS	18	16	0	075797d67b953f0c7ec1c05f4ad8fd4e7e3f9831c5beb06f01edcc4c7d3b9f9f	32488919452fccc0239ff16f7a6d8bdf4800e986f10033eb76dfce1a6dc9ac3c	8cb3cac2bc7bbe7976d956aadea93e9f1f64f8cec77ace82b0776b1a02022bfe	6e05529c52e95ea56f8be32867c6e05849bfae173232377e00da4845a79aed2c	<none>	<none>	<none>	<none>	2	0	0	"BODY_DIFF:""0_for_keeping_some_types"""
Os	74_or_assign	BC_DIFF	0	0	1	1	1	1	PASS	PASS	PASS	PASS	18	16	0	d85b5fc3276054d0987ac883d65368cb6985d68a4cab998b9bbf8cac5d1f3619	f7b69da828055ec7c30339616bcee448d6277db0206f814c4c65c9252ff30666	00b4a34c8841bdc1d0f506d16f74619f1bce2ff1d4b66f0159068d2c20e145f1	3367634c9fbb76085523fe81f7fe25fe5dbedf227b7ca73191f1f0a7976fc963	<none>	<none>	<none>	<none>	2	0	0	"BODY_DIFF:""0_for_keeping_some_types"""
Os	75_varray_compound	BC_DIFF	0	0	1	1	1	1	PASS	PASS	PASS	PASS	18	16	0	e4c71789fdda77d53738610e45a20ede89f22cf3741c84a7b840256495ea73d4	3ea4d08685e0b54e3f877e4618ff99b3456216d391c93d530e7511d1ea58b5be	6b46cd7c84ff25699ce48e382513a21f3691f31e357ae3d899c066a7ebfe1e17	8982e0efbabe46440f7fe7c016ca5b565b3ff4e3eb778354903ee5a95623fa0b	<none>	<none>	<none>	<none>	2	0	0	"BODY_DIFF:""0_for_keeping_some_types"""
Os	76_match_tuple	BC_DIFF	0	0	1	1	1	1	PASS	PASS	PASS	PASS	18	16	0	fe98f9ddcafb69412333b2d481b872d2cc4c44eca16d44e12a5e7a0a2555235d	e08ae724079729c38199151037ddda6bd6a1a8df87878594f4034c3968943486	317c1eba8af39995fe1a595dc1147e55a5581c290c4d5ad469279ae420b57ac9	433af6f874fed5e724807070529d27d39c298422c54c0afc47f315b60c909ea5	<none>	<none>	<none>	<none>	2	0	0	"BODY_DIFF:""0_for_keeping_some_types"""
Os	77_match_nested_enum_pattern	BC_DIFF	0	0	1	1	1	1	PASS	PASS	PASS	PASS	22	20	0	9e3b844da599cffba13ff7e1283969f650fffae5f0557e79a8e79c91eb41b034	2bf86e8c2c16765010cfece28e2b9e265aeb0a350f645ef0499a6ad5f8dab0c9	0179ade9c3a0eb621301c9d0835fa06639d74b6de36c2ad6721955702c6a74c4	d1cbe4f4f9b96935cba98ba8979b5f08cb832e3aa06e4f24e1fafd859a122056	<none>	<none>	<none>	<none>	2	0	0	"BODY_DIFF:""0_for_keeping_some_types"""
Os	78_catch_type_pattern	BC_DIFF	0	0	1	1	1	1	PASS	PASS	PASS	PASS	19	17	0	1ead6d13744c07ca72db709c26c7b420ef53fbdc13a383f120819d63a32f4edc	e06125d0b5a188c1c28f7f4548df57719966993e8d36305d40489906a6c0d75a	c6949bb37c297956717aafc6920ca4b64f137736ee3c88d6f3faa56cf538054f	9e73e218e3fb9d945f76a27eafda717844d74de38dc6619f97963e0a9bdc7759	<none>	<none>	<none>	<none>	2	0	0	"BODY_DIFF:""0_for_keeping_some_types"""
Os	79_try_resource	BC_DIFF	0	0	1	1	1	1	PASS	PASS	PASS	PASS	21	20	3	56649704ee20a5535059c169da2a59e799218e23e0e3ace4cd0d53d121d4b57f	8cd9741f22cb06e1388d5d55adfd086aec072a793b3c8585458337a8de385b08	ae2301ba51ce9e2398451c7ccaa8910987230c9d92203c61450d4c9a307b52ce	b06628b34bf717e747b5fb803d67af8bbe3e582213977ba65c5e257ac1bb1cf2	<none>	<none>	<none>	<none>	1	0	3	"BODY_DIFF:""0_for_keeping_some_types"""
Os	80_member_method_ref	BC_DIFF	0	0	1	1	1	1	PASS	PASS	PASS	PASS	22	20	0	1cdb83295cd6256e75cf60f45546e87feb7c8a7b85cd601db3bfbeda6af0931a	184fbdc2ed5260ef936999c32bd8f7619f5a952879e466674eedea96ef1d5262	5322e75353ceb38758ff33fe7ec1eb4a54f784271c40e3037fb75f762f94b3df	c7fc39b81807ac39e11f16972315d695f07804ae55e76208afd1f2756caf10b0	<none>	<none>	<none>	<none>	2	0	0	"BODY_DIFF:""0_for_keeping_some_types"""
Os	80_varpattern_enum_payload	BC_DIFF	0	0	1	1	1	1	PASS	PASS	PASS	PASS	19	17	0	24475b275502359baee191acd050d61595f183ff44cb214f6fdc50b0d3133186	f1cad2322cc81a1c8ec7a16a84bcab3ef848d7d0e89fc9eebc8b3d6789bf2439	18826e5a11313812b0d143c95ea5ebdc89c29cdded02b4c76f9c53ef4af0a401	e81d443ae60a3c39f04457fc599d8fedcd797609deee9ce1e99eb1dbe9e8b746	<none>	<none>	<none>	<none>	2	0	0	"BODY_DIFF:""0_for_keeping_some_types"""
Os	81_static_member_method_ref	BC_DIFF	0	0	1	1	1	1	PASS	PASS	PASS	PASS	19	17	3	31d0b5f3cd481c6aed61dcb5c5be4b1543a9b7e1fe838b5ec0029e48c4b252de	f24fc2342281c6d44780839acb566f0f06795957bbf36f65aaa3f0b8d2f0d749	a32e205fcaf1dd407197c0a514adf139faa625dcc4a2413f9936d33eaf0dcacd	99fbd8ef63d4694d034c7639cf5294b1c2dd51e55e021039845ea1a90f4da306	<none>	<none>	<none>	<none>	2	0	3	"BODY_DIFF:""0_for_keeping_some_types"""
Os	81_varpattern_nested	BC_DIFF	0	0	1	1	1	1	PASS	PASS	PASS	PASS	19	17	0	d8f1b8809a7cb511621e91473cb121633bac8156e983eed9eb47d80996f13464	0ecf22321700df854a2664fed41336f052be77de0ddb549d9189e1412189f4e0	7cee39d9bd343f894e3008c1f18f6a17718e3f05b3d8e88bf110764f90ad45ae	6f8e03dde627f3ff802787cd43b29079a08cc58d4b533dd3e3514d09c09743c5	<none>	<none>	<none>	<none>	2	0	0	"BODY_DIFF:""0_for_keeping_some_types"""
Os	82_generic_member_method_ref	BC_DIFF	0	0	1	1	1	1	PASS	PASS	PASS	PASS	22	20	0	a09879883ea04af13151efc016e3901ba963b19d751e0d180832a601e7ee3267	8068c93f2dd11a2dca7d0089178a1177c896f2f7aa38032da8a5b4ce58910259	d507328bbb0998cee0977324bad6710fe5195d400922bf666bf480a22733508b	be21a77aec0eef7546bd6dfa373fd6c4ca208351ad5e2923fc37575280c037f2	<none>	<none>	<none>	<none>	2	0	0	"BODY_DIFF:""0_for_keeping_some_types"""
Os	82_varpattern_global	BC_DIFF	0	0	1	1	1	1	PASS	PASS	PASS	PASS	20	18	0	2f379cdab6d19c6bf35868e74025d4507a983123a0432f9ad1bfb73e1228e998	26510f9f8c01f80c4171bf8568a20f8ff7b0c94efa355ee74de40ddf3123d849	36fbe779a92317f837d06d06694b7106868ccac899726db7761ec07425da1cac	30caf861f9c4207f3884aaba7b23a1451870c0a1f9082a83ffade85b7fff3ec9	<none>	<none>	<none>	<none>	2	0	0	"BODY_DIFF:""0_for_keeping_some_types"""
Os	83_global_func_init	BC_DIFF	0	0	1	1	1	1	PASS	PASS	PASS	PASS	20	18	0	d72eff9cdb6159fb39ab2d5d3af524768e75ac89008fadd0752bb6e78272367c	f51f4058bf65ef0824f96b106f6fb212f9e18f1faa2ff5b3b0a61ab074ea3e3a	4e3c9c1fd883fc2f679f05e0e056ddfdfd5b5e87eaa05923c5d38cb83676e4df	b56d4db449cef56e2c1f945884bf33322450fee088acac8e8e7d9636ac9f0a8b	<none>	<none>	<none>	<none>	2	0	0	"BODY_DIFF:""0_for_keeping_some_types"""
Os	83_interface_member_method_ref	BC_DIFF	0	0	1	1	1	1	PASS	PASS	PASS	PASS	24	22	3	d5592c21f4398aeac6b9750f7abb7e273dc637f5c3a624ee6047b00e3a4f9502	20f26682369d5119ab2664b6c9a881ba5486d8335c0ea41aa088ea74bb77e22b	6aea6b988145aa5e6f67d3191dc64f05a00e8a1ee74a0c3e4dd5d545a0688c0d	15a5f437166faef79f5a6cc4f50c0cad44c7a429e9620ebe8b8be51569b6b237	<none>	<none>	<none>	<none>	2	0	3	"BODY_DIFF:""0_for_keeping_some_types"""
Os	84_lambda_mutable_capture	BC_DIFF	0	0	1	1	1	1	PASS	PASS	PASS	PASS	18	16	6	db2d1254b2fe0d6d269ef93a28708e0e7756ca06b65c422deb12efb76843b97d	806029c0a5f6eb7805a0c2d7791b4247b9f5ca04c3c0d4cc0aa69c0741c068a1	f56470553e89ffeb87cd65afff2e806ae1108e72147d6e2e356bf89626ee2190	9918e7e9f8d604f5f168e85e71d8893ba71a0298feced8509dfd795ba3a05146	<none>	<none>	<none>	<none>	2	0	6	"BODY_DIFF:""0_for_keeping_some_types"""
Os	85_lambda_returning_lambda	BC_DIFF	0	0	1	1	1	1	PASS	PASS	PASS	PASS	24	22	0	c5d74c1e6a44ccd93675417ddb3c3241a3fc18fe0aa272a79f8549c027e06c78	fb624b07769d7f91299b9d7d7840c9b63b74f7572cac524e5108c52654a484b9	e1ef1cbbe02dd6ead5790dd400201dafa7d0a7ecf6476e01aa736fea4668984f	64841df162c78e45766859aac99148e9d6b3c52046f4da7cfdb0ccdb30dc1dea	<none>	<none>	<none>	<none>	2	0	0	"BODY_DIFF:""0_for_keeping_some_types"""
Os	86_lambda_generic_hof_capture	BC_DIFF	0	0	1	1	1	1	PASS	PASS	PASS	PASS	18	16	3	0eb2c90e9413bdb06b32b15448b7fc1a620d6f077ae9169737c2ba9f0f289fc7	b4867a55d1bd96fb959c2ba71321eb2f5b17fc350d12cf9b20478d39058efa09	4da18c4287f3bd5842c201a09b9003de35f323a48f69c969190664a6c6c87519	1d64299f055740099765b99310d473ec6d67ee806ed61cc38a29e4fc4f5a8a4c	<none>	<none>	<none>	<none>	2	0	3	"BODY_DIFF:""0_for_keeping_some_types"""
Os	87_lambda_interface_dispatch	BC_DIFF	0	0	1	1	1	1	PASS	PASS	PASS	PASS	23	20	0	10d07935c2a7e9eb36b84adbb24a4b18c5253ce2c2bb654f0a4d4684692aee16	d94477612013dc8ceeec89f7dc3f01f01e68bb853dc037d0715b3aa27f2eed5f	37d5c79decf1bbd7bbccf3267c06faaef335f441853981220e6b084fc2e70315	745fff61a701ad00a7638da1759f8c61e01e69eace45f39d62b2f0189e8b7027	<none>	<none>	<none>	<none>	3	0	0	"BODY_DIFF:""0_for_keeping_some_types"""
Os	88_extend_inherited_interface	BC_DIFF	0	0	1	1	1	1	PASS	PASS	PASS	PASS	20	18	0	a5e27a903c7ed09991f31a662ef3bf04701e35c44a84351b9a31d1a27e7118d8	7ef8b9e729c9b31bb9e17a8c96d41fa095bc991f44dce27142e44bed642b02a8	438970629d60dbb5064c1ccb02c0b41e39ebedfd6ebee7b69e8c050a18c31e6e	c19da50cfd227a809523b6e974d336a54d5f273784c7c4823cf8ad44c9ec9d0e	<none>	<none>	<none>	<none>	2	0	0	"BODY_DIFF:""0_for_keeping_some_types"""
Os	89_match_qualified_enum_result	BC_DIFF	0	0	1	1	1	1	PASS	PASS	PASS	PASS	21	19	0	da3abe92373048c6d6f5c00f76695083d5712cccd3ec6380832bb64955cae3ba	0842b089828a59aeff6fc369642b138e8d996e974908a99ac49559fe07a2edb6	b9989c91179e6700218d76e7d5114985b6078d3f9d3e9546e89b934298e90150	ba510ace9fc167fe5bb6d9679a68f9778b9ca6f629c132dbaf560180f4cdc274	<none>	<none>	<none>	<none>	2	0	0	"BODY_DIFF:""0_for_keeping_some_types"""
Os	90_range_subscript	BC_DIFF	0	0	1	1	1	1	PASS	PASS	PASS	PASS	19	17	7	5fc842d98f0ad6e9f0bf0fb04339d167430db722744cc36d8f6c57f5af8904d4	dfdc35d4f3c64206d48f15bf8b065a64473ccfe0d208a4ab66adcfc4d6367b45	be24a720ca9be92db5c16edbb031dc086f06cd6df685b71bf1cba64e982ab4c2	9a2afd7d5a1e50152a4fb69dd3491e40761da4b68616fa19d172249b0e420bbd	<none>	<none>	<none>	<none>	2	0	7	"BODY_DIFF:""0_for_keeping_some_types"""
Os	91_paren_expr	BC_DIFF	0	0	1	1	1	1	PASS	PASS	PASS	PASS	18	16	0	d2e4cc12d98e3775455a86a8029499356af4a1fe31932682925d303c3196023d	4c3b3d61f51f8ae3424f69ea01664eaf63b535ea553578d5f3e880f8ec975baa	cebc962edeec3864acc19ab63f9361995414c168f5940c7c1ec9239f49e12140	76ff8394e2d8c07a54a9463c0ccfd1cccbc7cc3c6bf2a3334221d2b0d9fe4f38	<none>	<none>	<none>	<none>	2	0	0	"BODY_DIFF:""0_for_keeping_some_types"""
Os	92_foreign_block	BC_DIFF	0	0	1	1	1	1	PASS	PASS	PASS	PASS	18	16	0	9a6abdab1757ee208d5518a985239307fb347b040fb088f71265549799a00688	3cb218d542724ec33aa9e9fbbb5af05c260e17a288582fd61609c5ca90d5b3d9	5a0c1dced9b987d71fdb3026b65f9ba3264f0fe2571863cdd52758fdec795228	424822d030221cf258f364a9657750c34de9bcf088a9d15fce8094ea50b17faa	<none>	<none>	<none>	<none>	2	0	0	"BODY_DIFF:""0_for_keeping_some_types"""
Os	93_recursive_bound	BC_DIFF	0	0	1	1	1	1	PASS	PASS	PASS	PASS	31	29	1	648a1150197107303645a78a1ebab582c5c04f90542ca3933dc5540f59748ff0	2dd3e56841195a3a3871323ceb0b026a6c8b9daca36b74948e0cb4f6549b9dff	d7d479dbeddbdd1f84d31edcebdb68f7e6e6ddf1cad5f7df0efa2d785cc647a3	43e0fab0bcc5dfecd7741cda833c192466dc421eb51f0fda514191523842fe03	<none>	<none>	<none>	<none>	2	0	1	"BODY_DIFF:""0_for_keeping_some_types"""
Os	94_string_literal_equality	BC_DIFF	0	0	1	1	1	1	PASS	PASS	PASS	PASS	18	17	0	55cef905643676ff728b76428abcd1fc0fe75fca33872db825c5ab4863ae9e0d	b7bdb23f8c97e99176f2c3c2d284d3b3166518fdeef9e14fce17e86669d5dc2a	815dd0b0cd2414b46d5c1e4afaa935e7f4789bfbb19ca461c8c362b060b9ab61	a806d9ccb64f125f3a29439afb77d52689670f20d33940c3e48e8c6d28daf9d4	<none>	<none>	<none>	<none>	1	0	0	"BODY_DIFF:""0_for_keeping_some_types"""
Os	95_string_match_case	BC_DIFF	0	0	1	1	1	1	PASS	PASS	PASS	PASS	18	16	0	ec9f70852ae0192135e23b2175a46ea44e135ef8a6a92fcc00b2fc3d7b5d9952	49ee806cd5072f7a8b0c1674676293a5d52e6e37898904f40b9d80b897aa810f	86d9f29fda86cfed6042c5bc5d7ad93a2b967fec1fd59b7198de0b4c59e40faf	d5c85c12b9776f2b6b56a16e01e40c04b6d7df4187aa9db40e6acd4742869426	<none>	<none>	<none>	<none>	2	0	0	"BODY_DIFF:""0_for_keeping_some_types"""
Os	96_shadow_param_block	BC_DIFF	0	0	1	1	1	1	PASS	PASS	PASS	PASS	18	16	0	a3beabf3ea20620a29b3515fa4e551acc18b595629cf82568562a3577ba6e92f	ce02fe6f95f0f2e9581a4594496dd51627d228503d32013d20cd67c47ee31f56	365b0866a285407e4021ed8cc3851c041161cb0b1af505094c0f48805aac67ce	190c7875d70c2ed01da3637bf9774b87457edb8481d61d9a1217422cb3028c41	<none>	<none>	<none>	<none>	2	0	0	"BODY_DIFF:""0_for_keeping_some_types"""
Os	97_shadow_param_loop	BC_DIFF	0	0	1	1	1	1	PASS	PASS	PASS	PASS	19	17	0	bb406ffc9302f32a4d6441f50f2eea0762be8c1d16801cf2473a3f4e5e055389	2d3e0fbad333bf62bdbf997dc9944bc65f1a9c55a6d50656ecd7422ab9138702	9b26d3b0da0db03ce9916ce9b5e3e059ad12290aebf1b1d75a93228ae5b132b2	4715579987f12afea0ed6d3fa3aacd8e153f152381659b41c18a802dab79be0a	<none>	<none>	<none>	<none>	2	0	0	"BODY_DIFF:""0_for_keeping_some_types"""
Os	98_sibling_param_name	BC_DIFF	0	0	1	1	1	1	PASS	PASS	PASS	PASS	18	16	0	dd706ffe900a43c301b44ebd95ba2562b134ab0b035c3493c27ceba8289c962c	3219ad4bb81117ecd4210450f3decf5940e34a084aff00ce51ec9714e6861132	51d180243cd7c0cab78d173c7fe1e064158359072a2f9830009ec246caa21d61	79e96baaf376e317d13e139866593dc1731ca0201e4be037ea076e76d01f0a83	<none>	<none>	<none>	<none>	2	0	0	"BODY_DIFF:""0_for_keeping_some_types"""
Os	99_shadow_lambda_in_call	BC_DIFF	0	0	1	1	1	1	PASS	PASS	PASS	PASS	18	16	3	0a84375ee429a693f2cb0e050b367c669ea86aefbf40e63cfa7f147525ae49ca	9fd61fe21cd9895f282f02f023eba4c818571a8902338f416285a61605391fd9	e745b0cf23042ea7175db69ac2787248e673338a3a174629819d5fe11ee31e07	9f587a6740de5eb61bb8ac231594ebef6967f4aec94c3e0722e0792630346b0f	<none>	<none>	<none>	<none>	2	0	3	"BODY_DIFF:""0_for_keeping_some_types"""
Oz	01_return	BC_DIFF	0	0	1	1	1	1	PASS	PASS	PASS	PASS	18	17	0	47551817a286139ca2ca83f6a374c2550ebc14f1a16619bb0e059e2f9a628ad8	f26bf8d2828eb44d59971a6b8788c686576ccec34adabe609b791ea2478f33c0	de6bb39bb72082c3a3f626876fdc033570718f89c86610ca758837e4ddbf1d22	039bbbf0f86c9bc3a420d2d667a0af2c24cf56f1d28338ad95cda4e2df502bc8	<none>	<none>	<none>	<none>	1	0	0	"BODY_DIFF:""0_for_keeping_some_types"""
Oz	02_println_int	BC_DIFF	0	0	1	1	1	1	PASS	PASS	PASS	PASS	18	16	0	71e30a0d5b369d6cb9c5e5da74c58bad6567511a47904d0182e2c6b29700f07b	e77992ce8a58bbc4531a590acc47de380b0bfa2b7d937b16dfa6419ec7028815	d926292a91077579fe9cd5de636073355275f6864f8eafa3ba3281c3f22704a0	943961a9481d07e4618a7f051dba612ade1e8fce969cfed06a653d444af64c5e	<none>	<none>	<none>	<none>	2	0	0	"BODY_DIFF:""0_for_keeping_some_types"""
Oz	03_factorial	BC_DIFF	0	0	1	1	1	1	PASS	PASS	PASS	PASS	19	17	0	a8f30d660dc77eaae4a21ac773c7e72c504fdd6abaab5b8587d8fc449306cec3	5d2f3fda1c9b6887d0efcc906982fc36b97f26d6c683596f6a5a9b79e8299150	0f10db1de9382a5075ac2d44eca41ed59113df7296325546a835e3d03ada0b2f	6e5dffb2a1469b32420802e00b61d7ab1e26dc5965419272ce8adf67b29a2bc9	<none>	<none>	<none>	<none>	2	0	0	"BODY_DIFF:""0_for_keeping_some_types"""
Oz	04_while	BC_DIFF	0	0	1	1	1	1	PASS	PASS	PASS	PASS	18	16	0	fe4ba54a48f39f22ee12d474dd824aabc37ff860e461e82192c1a0a86b118a39	d18566ee8951dff6f2c8feb43088e5549ac8394516c9d1b4824d55fc91237ff6	f24ca94e1b230128b637382cc60aca824e81d50d548c6770a6d884a0b0df0ed3	5c59b9b5e74c8017bd3cbfbafcb0845ad6a9791cb02714e71908635b66b65bfc	<none>	<none>	<none>	<none>	2	0	0	"BODY_DIFF:""0_for_keeping_some_types"""
Oz	05_forin_range	BC_DIFF	0	0	1	1	1	1	PASS	PASS	PASS	PASS	18	16	1	529137f2d824612e06fde1462ebcda860dfef4d2cedd9e2125119feaab7a63c7	e1496cded8dec742370b7ac4ede5f2da78bb98825acf13edb6e1c6b53bb50c7f	8f99f47fc1086d13b70c25a7d4db1a3fb32d68840db38216082c4a2c79fe9d84	d0ef50ee618cdf15ab87caf7d37935779bc58cc52e359cd63fb7b8c25b4088e8	<none>	<none>	<none>	<none>	2	0	1	"BODY_DIFF:""0_for_keeping_some_types"""
Oz	06_bool	BC_DIFF	0	0	1	1	1	1	PASS	PASS	PASS	PASS	18	16	0	919f1b317104e2fd3fe36092814cf467ad9d21770a40a92f6e98c9cf1404d7e1	f2e3f965a22845a2bb753d1bd2c6d25f13ba3e19dfea0f11bfa9d12e6867beca	556f5b95390c4ce7278c289e1129911162621472926e50fb6aa7eacdf86e84f8	d2cf4ce1acaa83c6e4244e724ef3e98fd5955a7c3c454fa82b4afdda2188f0ba	<none>	<none>	<none>	<none>	2	0	0	"BODY_DIFF:""0_for_keeping_some_types"""
Oz	07_float	BC_DIFF	0	0	1	1	1	1	PASS	PASS	PASS	PASS	18	16	0	782960c4350610df6038c13b5e467dc3f24ddcfc7aacf0856124fb1fa86ebfd7	ec58f5995f011d388c405732c6c3ac10434560b48a28cb78239908fd66af3785	a078b8bacba9eb7fcb8440aeaa5b6914a6fb9c94847a602e62fe855066701139	49901f37852e0e6ef79524fa076dbdc93e1fa670a8163f8456b2d45a16ea3ff0	<none>	<none>	<none>	<none>	2	0	0	"BODY_DIFF:""0_for_keeping_some_types"""
Oz	09_nested_func	BC_DIFF	0	0	1	1	1	1	PASS	PASS	PASS	PASS	18	16	3	a117f34aa23de2e9ea7b7cc9256a98db60c24917b23379cb42f59fe651b3549b	7a04f5a420b9abd5a55c6d3a8b68440e74f3250f9c13495417f30a2797a51c75	f28060778d9ce672b5573829f80fa6167f9715df6a52e4a75c66e521a969e172	47311b79193ed2ab642c769fcd4652c4d2484535ca04693833a488ec91dc6f94	<none>	<none>	<none>	<none>	2	0	3	"BODY_DIFF:""0_for_keeping_some_types"""
Oz	100_shadow_if_in_binary	BC_DIFF	0	0	1	1	1	1	PASS	PASS	PASS	PASS	18	16	0	1267cdacd4095afca1137bb1802b953719c0026fad7c430a4b0b80e5da3ee0cd	1ccac8fabbc1405f11b146f59cd29ed7c231cb4a42b38f58bf57c92f0bbfbc56	0f46151236689c7723f4769fe4afcd80205732050dfd2f4145ccacf16887551f	bbc7d020bad48d163cfef904377998cc0951d55142ccd7783e972715e9dbcb81	<none>	<none>	<none>	<none>	2	0	0	"BODY_DIFF:""0_for_keeping_some_types"""
Oz	101_default_u64_constructor	BC_DIFF	0	0	1	1	1	1	PASS	PASS	PASS	PASS	18	16	0	405e051eac45445b3cffd7ca43e776d987bdd245d08d15bd319a66ecc539c809	3f8dc69d089f9dc6b4b58d229d55e9a1d2831a21052719f8a93fcdf1e5110182	0e4df7912ac9422b1f57a3fbd4944a8c3a28bb232a230d7048fa6e4a90b92c15	6f486efe143d133b0c7e91a26ccd58694594658d5ef1b1cf41029ff4b562af64	<none>	<none>	<none>	<none>	2	0	0	"BODY_DIFF:""0_for_keeping_some_types"""
Oz	102_overload_call_base_not_func_ref	BC_DIFF	0	0	1	1	1	1	PASS	PASS	PASS	PASS	18	16	0	a188eb4b946c4789bb2ed85b90dec21213c2a2b0fa22badcaac0f8b140580f4c	3e372dd502be446a8b7492e9abcc3df8bd2b2ad9117e9a352d0066aff407f2af	cb14845fee50f42d09e418d83d864db6148b740e49f6bcdca7b1b7e079be1ffc	d529408cb684426ddb1ccc461666727744c1bae6737c18e0417824f262bb6d2f	<none>	<none>	<none>	<none>	2	0	0	"BODY_DIFF:""0_for_keeping_some_types"""
Oz	103_if_bare_return_unit	BC_DIFF	0	0	1	1	1	1	PASS	PASS	PASS	PASS	18	17	3	cf90a0402ebc36d4becb9f4b512829e2330ebb88166497492c41848982378c4a	d7efd590282c1414fb89408404a9302f24559d5430c4cd8c7152cd27062c4e1d	7fb4ab09f553998b751ddb1b6dec91e95a3cc498f2c10c7583e40d0b1ded5a1b	6e5f29883d010dbbddaaa5f2f66c6f6bde9e46d3ae704656d53621067e549e8a	<none>	<none>	<none>	<none>	1	0	3	"BODY_DIFF:""0_for_keeping_some_types"""
Oz	104_match_arm_bare_return	BC_DIFF	0	0	1	1	1	1	PASS	PASS	PASS	PASS	18	16	3	dd9ca0c2ae064093c624050162e5b78ad81f42d799adfd3f8a16fc71a0d1fb7f	007791444b09f3c9615e596dc173ffa381a973b98d78f10c3e9233bbeaa533bb	769e67ff8c336f4be1d7df47c4870f14f3719b91c59034d6c3b1f70517fcc633	caf41c9353534b496f3d4e9f8cd86b94dd5cbf3dd911c4d55c49b23b9ad8e9e2	<none>	<none>	<none>	<none>	2	0	3	"BODY_DIFF:""0_for_keeping_some_types"""
Oz	105_match_string_enum	BC_DIFF	0	0	1	1	1	1	PASS	PASS	PASS	PASS	22	20	3	055e5bc120df5af9751ad2e0e40cc9fa1c5aa9e8ddae4dafc813fa272adef4b3	f27ffa6273bbef3e92a17448ae87f444f2215e3c727739c1bad83ab3e1e76243	24bf4e2e558f6eea5bf9876a7b027c259f1bd99a4fa07a1cfc5f042625de2ba6	d034223f5fc5e99ea0ca1df1550044d78a68edf9fb526bdc227441a85548ada0	<none>	<none>	<none>	<none>	2	0	3	"BODY_DIFF:""0_for_keeping_some_types"""
Oz	106_array_int_size	BC_DIFF	0	0	1	1	1	1	PASS	PASS	PASS	PASS	20	18	2	bcf54cd6dac40b7ce3d46b540571ca5f2cd21cf015290b9e5969521fc68d1fce	cfca6c06640e698d01d198e55bbe779c16c07d2b68032f86632924d3a0b23e11	95077f8cd142a035ceeda6c6f4250f5f391e4d7ea235934d34089c8017e8bd45	ed371c96b65eec033ef38ab2cc7f0a3d780fb35ff35e8bde13a6368ba3be7a1f	<none>	<none>	<none>	<none>	2	0	2	"BODY_DIFF:""0_for_keeping_some_types"""
Oz	107_contextual_kw_identifier	BC_DIFF	0	0	1	1	1	1	PASS	PASS	PASS	PASS	19	17	0	848b4f40473e6356690062cd34bca687cffbb82e8b093dc1d35a6f31f3ac0cc4	ad8402ad04eb706808ffed8b23b6d6c4358dce1e9883a56e394a8a1c4d151d46	5cd7a00047b5b7958b71e6ba0d7fdf55dfa6365635c4fc445919caee3020d0f8	a9ff3166aefe707d83c36ac59bc7f7cbe7657fac79bd8d840a30bd299de343df	<none>	<none>	<none>	<none>	2	0	0	"BODY_DIFF:""0_for_keeping_some_types"""
Oz	108_nested_struct_field	BC_DIFF	0	0	1	1	1	1	PASS	PASS	PASS	PASS	18	16	0	2761bda31145c769711a875531f9ee5109b8c34f3dacba8280d83d551a86c3f4	f1e0b953319a9a4b435fecd614f7c69ba25e591d629f9846864c1062cfa8f036	6518667f9665c6abc4840d19b3ec2da82a9802644cdc7f0d39814d28cf34c9dc	d6b888f8838723ef02f64f9d9863d354e69b23734c2c28c62033804a7b2d2389	<none>	<none>	<none>	<none>	2	0	0	"BODY_DIFF:""0_for_keeping_some_types"""
Oz	109_match_nested_const	BC_DIFF	0	0	1	1	1	1	PASS	PASS	PASS	PASS	22	20	3	430cc434c06a50d15152f33646b341e5d9f1eccbc98cb98bf7eeb6778d54ff9b	1e97faf98212a441410d3f2c9b2d6ac1b49b0834bc8f899004cf93883ba532a4	f5a2c287f90d4a12271aa8136687a1768c53747f89d159d5343633e8108ed165	d2ed49e07792cd6ad4f26a239daefabd7f11451f6ef212e454b00da86648032e	<none>	<none>	<none>	<none>	2	0	3	"BODY_DIFF:""0_for_keeping_some_types"""
Oz	10_str_literal	BC_DIFF	0	0	1	1	1	1	PASS	PASS	PASS	PASS	18	17	3	518a8b66cd6f9c6e82417c6377dbdd6b12a7a86354d97527569014b50c4e4bf5	1a19c7645d24b554dbb8f4fb288c4f50fb24ccc81c65341ef6aab92befa482d1	257d819361f1e5a2d436a665de222101fcd109baa5c22c2f6ef68c872d17cb4e	e5aa589ca12ec8f8d72cb78dc7944d63c54e17308d3573dfffaf91fd02cbdf54	<none>	<none>	<none>	<none>	1	0	3	"BODY_DIFF:""0_for_keeping_some_types"""
Oz	110_where_multi_constraint	BC_DIFF	0	0	1	1	1	1	PASS	PASS	PASS	PASS	32	30	1	5a5aa150677d6532a47f6afcdff8be94a4755077cc43282bd3e64a03247bdeb5	fc80c4504e4114cd3e678c6f53b27c62556400bae693d3adea24c102b1575a3d	47a927a1ef5ed7d7b67af79057c8df032f91d8648acaed1a713c63cf16324b8f	f990f3d2ec815942d6028b3b966a92be18f79bb1e6a07685b04b9ca6ff767bb8	<none>	<none>	<none>	<none>	2	0	1	"BODY_DIFF:""0_for_keeping_some_types"""
Oz	111_toplevel_const	BC_DIFF	0	0	1	1	1	1	PASS	PASS	PASS	PASS	19	17	0	720dea0efb028ae81f882023a190f6f103e598172bb9d139ef69771d6de8af21	3bff5ef42f39bb0dea3022c53f00ebe72e2c4c6f86394df93c0eee699dd1ff2b	eaf7f3c1062ebcec1cc26e7c5eb9d104d956134dbd28c27b37f4c406066b73da	1ca34b055e1a5aef17e279cd778a34722af284a427a350f343e782a117adbb00	<none>	<none>	<none>	<none>	2	0	0	"BODY_DIFF:""0_for_keeping_some_types"""
Oz	112_field_default_init	BC_DIFF	0	0	1	1	1	1	PASS	PASS	PASS	PASS	23	21	0	72ba0f8c367ac8ab9cc9573168c18157f4382fd313cbe9184417a2532585893e	966e21b0fd9619ed6fe237c50ef0a977ae7a1bf97be0e229376725aeecff1a34	6085035ef86240db82721b12f48bc64a70672f51044bc64a644fcf876f089db7	719f177bd695f48b93c92b089bfcb0b180b67f07346ccd3aff9f1bbd7932614a	<none>	<none>	<none>	<none>	2	0	0	"BODY_DIFF:""0_for_keeping_some_types"""
Oz	113_virtual_dispatch	BC_DIFF	0	0	1	1	1	1	PASS	PASS	PASS	PASS	34	32	3	8d328d6bb7af1c8bdfee591039d68aec26926203e40917429bb86b6bf3cda68b	1ea31004ab10671e4d992fa8fea4bd46cb9a2cb4bf7e86eb0ccfc979ac8e300c	1a0a9f3cd2ec85b734207e6f2dc98af7f8df9a9ef7c9746f3ed61527e35c7e4d	001b86101905eae81d64db322d160eb91a3b2b35790e03bcf5f7fa7684d1a238	<none>	<none>	<none>	<none>	2	0	3	"BODY_DIFF:""0_for_keeping_some_types"""
Oz	114_global_var_init	BC_DIFF	0	0	1	1	1	1	PASS	PASS	PASS	PASS	22	20	3	f2dafdc7bcc2a27b74899c12feb0bd66b919c76e1908b38c4fc600207b7563ad	d69333ad6e44ec67ff724b8c91b5ca50a9cee52fc6096e76496a6dc9c410fc31	1c59165c1fc7b2c5e6cf607637086dc3a0e8776c6e4e1ac96510cbcc002c6b4e	175d2835b33a93e5d00c303d42662f8ec289673f1f0c20999ca7a5639a63c50c	<none>	<none>	<none>	<none>	2	0	3	"BODY_DIFF:""0_for_keeping_some_types"""
Oz	115_generic_sret_array	BC_DIFF	0	0	1	1	1	1	PASS	PASS	PASS	PASS	18	16	6	572c792bb061b093c9c01f88bfe9a3e15adac1d475eefa4039fe85fb35af8e1a	919ba0faa217f643a59a28d11ed02f5c5ba8e0715ab7167a63cabaf3aebba02d	e223dcc8a7c175f77aade0cba6612ca56b7e3ee650ca91823c3d6b0b7cb3e106	39465b6ea1ef3c99ee4b81fdd9bc02a3b711a7facb42f48475b3869dbd55cb1c	<none>	<none>	<none>	<none>	2	0	6	"BODY_DIFF:""0_for_keeping_some_types"""
Oz	115_global_init_order	BC_DIFF	0	0	1	1	1	1	PASS	PASS	PASS	PASS	24	22	3	4edc1541d3c87cac207c4203ccbdd6459b941873752f43fd254a2ba56568a5da	4dffb43b8c7198abd47822830252792f9c326334d90ac6e2cdb2b98e47172f70	a3a38ef39b854fbbc4e30f0d3689186866f27bdebce1d57fc9f9e498bac3b81c	e66a6fcec73601080b137f3d2b3af905961c53c732be7af6e10c5e2fbd24c501	<none>	<none>	<none>	<none>	2	0	3	"BODY_DIFF:""0_for_keeping_some_types"""
Oz	116_nonprimitive_array_literal	BC_DIFF	0	0	1	1	1	1	PASS	PASS	PASS	PASS	20	18	4	b9ec71774eca60e2cbb6f55c1a6e8ee8a0a9faef9f27f5cc7d12209536b5525d	65fdf3912f0bec23d390dfd402320b775da379b138adb30ac9bcadab8d7b4159	88d223138622de212e0c9af4d3645d1514228294118c77d025df4062070c4f12	6c489162ffde400637503c9c2894a05fd428415ffc0d30b2d7a664534d23ca3f	<none>	<none>	<none>	<none>	2	1	3	"BODY_DIFF:""0_for_keeping_some_types"""
Oz	117_array_intrinsics_get_set_size	BC_DIFF	0	0	1	1	1	1	PASS	PASS	PASS	PASS	18	16	3	13aef83525ef52de149ec528428e197e52171d38aff6508acc39b5eec80cc156	03ab8cf0b041e3e0efc6c6a17eeacb3d86a825892320d966df51dd7ec5fbaa66	b1b9229c825d262ead24a231f7da433ce48cc3b9e9d5b6e15883b516851aa2c5	e33e7419ea6d71b2a6a62e6767ecdebff718ed6468a9d05f81387aa0ec582c8f	<none>	<none>	<none>	<none>	2	0	3	"BODY_DIFF:""0_for_keeping_some_types"""
Oz	117_literal_escape_normalization	BC_DIFF	0	0	1	1	1	1	PASS	PASS	PASS	PASS	18	16	0	d322de4b1b8733a1b27df9307787d7e6e77fd690c376552622f1dda9b7723651	2ddc581452bd461f2527b621e06e468f7086551d3bf6f397ba78e7a670ed8485	e2c964bdf3a935990062d4ecc78976a9177a08979cf80cddc291dec4661f6389	45595458767ed166fdd49cd78bf542dcaf0f9d1e36aa93dc09e36edff2d5e2e9	<none>	<none>	<none>	<none>	2	0	0	"BODY_DIFF:""0_for_keeping_some_types"""
Oz	118_postfix_newline_boundary	BC_DIFF	0	0	1	1	1	1	PASS	PASS	PASS	PASS	22	20	0	12b13a36868d8fc221c16b526c9fca34f5a6bfb0bc4b38dda416c27230e84691	ecd520ef4b2c9aed1a53f51827cdacff49315ede0e45aa911fe573a28bbbd8d7	699c602a43b6f62b50a4303e8ba507a449e1d6ab925231afe325d72d47bc524b	8be61e6d58681e74418becf27cfc9d5f2e51df05f081c7bd574d7a4aecb9a4a2	<none>	<none>	<none>	<none>	2	0	0	"BODY_DIFF:""0_for_keeping_some_types"""
Oz	119_literal_multibyte_normalization	BC_DIFF	0	0	1	1	1	1	PASS	PASS	PASS	PASS	18	16	0	e82f50d060ba97cc2bb17361ea83f27a3fac9bc75a2f890e92ba5d99736a1283	39e0912e155879c720a6191b6e89500b77ca950a760bf1e59780dc53ab04c0c2	64d2db3a837fddff3156c89cb67031696b16c3d93529e394c09305c9e11682eb	391f15d1efd35ccb7557f62637ec9b6c83512aff6928e3fd13b996fa1b5f2525	<none>	<none>	<none>	<none>	2	0	0	"BODY_DIFF:""0_for_keeping_some_types"""
Oz	11_str_concat	BC_DIFF	0	0	1	1	1	1	PASS	PASS	PASS	PASS	18	17	3	b877ea7ec9fe6e16985c774eaa074682d542c5dd8370ca5126d9693122e5fa8b	79f96d96325d78d01136d72fe2bcb836b7cc9da4a72445839e3ef64b3ebbcfbd	1536f75f08e5a9f40a32a6922f39d193890f019c5cda889d60512090095cb92d	3a885a2a56053f40fd0882e21d32be16f03fd61ed04d180d6f0ac16db4790188	<none>	<none>	<none>	<none>	1	0	3	"BODY_DIFF:""0_for_keeping_some_types"""
Oz	120_ctxexpr_iflet_embedded	BC_DIFF	0	0	1	1	1	1	PASS	PASS	PASS	PASS	18	16	0	c558a0982692812f3dd0ebe97c9a02ba51062f2d774616f9bf296ab74adb0dbb	e0aa05c73a85e76d6f1b72bcdddc01a066207d05d93054c6d29eaa253d21c6e7	4a88a64424642af610e47646c119dfe7ab8ccd6b35a857e4037ab1a27989eb08	1704d0ba7f5f8a7402ea75dafcefaa6e61bf4bee4c2029329d5a27aa92bb2720	<none>	<none>	<none>	<none>	2	0	0	"BODY_DIFF:""0_for_keeping_some_types"""
Oz	121_generic_body_lambda	BC_DIFF	0	0	1	1	1	1	PASS	PASS	PASS	PASS	18	16	3	83584497a6eed6255af43ee695dc2b34914423b142c40539cbfdc787ea4b0b10	8aa6ee560998b0cd5fca45b5b46b1a881c5bbf407bd07ea9834652c57709bb60	8785460cda131cf9b8eedba185c233e88abe5072332c9a6bab137e7b43d6736a	60b3a42eaa083865f6c63a6b272b9d664025fde8511970e6955b6b7780ecdb9f	<none>	<none>	<none>	<none>	2	0	3	"BODY_DIFF:""0_for_keeping_some_types"""
Oz	122_generic_body_lambda_capture	BC_DIFF	0	0	1	1	1	1	PASS	PASS	PASS	PASS	18	17	3	a50507872c5df826ff0cde97ca73f4d043506ea65262e6f4b4e89903ee8b0e56	bb415f8c2d3453fb10a53cedbd361dbfdd80ac3408a04403033f130884ced06b	8d22a80428623d884fb59599bb4c8b209bc8986e20c478289304eb4fe73b3907	edc097b476da816264082d74468e3056029f32265386f84ba0df676aba99dc49	<none>	<none>	<none>	<none>	1	0	3	"BODY_DIFF:""_CN7default6<main>Hv"""
Oz	123_generic_body_lambda_tuple_last	BC_DIFF	0	0	1	1	1	1	PASS	PASS	PASS	PASS	18	16	3	5e4d45c68008e3bb7b9942e9a916534cec7dd1fcf49a8287aaf59778fefbccef	ff54d022bd5d6c4d6c2ae0f248a91d19c4d19d1acb6ff5a954d4fe7943cf6400	d31b0f57a6528a4ed1ed082a296a3a7de988bfa1b5d01bf27bfebd4b7a849d24	ae50f9833cbeb3b96f20cf7ddb39c8ab3a3b641e7cbce0812b7122a0641fc1fa	<none>	<none>	<none>	<none>	2	0	3	"BODY_DIFF:""0_for_keeping_some_types"""
Oz	124_generic_body_lambda_struct_last	BC_DIFF	0	0	1	1	1	1	PASS	PASS	PASS	PASS	18	16	3	f78642ec47ee855c33a4294e1df49e1c948647c5ba02d622a68f67bcc9902d12	84e86c95c3e1508e42152c8f88739aea4268b3a002f5bda281da94e6836d9e0f	1554b57e8ef93b62d4e067c167cb6528e067290936b41bc3b6c5c7927488b0e5	79b07946f97f631550f1692028cce3d0720066a570a15faebf3874ca1cd658fc	<none>	<none>	<none>	<none>	2	0	3	"BODY_DIFF:""0_for_keeping_some_types"""
Oz	125_generic_body_lambda_higher_order	BC_DIFF	0	0	1	1	1	1	PASS	PASS	PASS	PASS	18	17	6	59e92b5d914b7ccc26a3b7af944c944c06a938c42d0e13d8ec32269a5d2ec673	a50c0b4e7acb89cddc3a63f77738d94a1591fdee48806556e2cc035092ada582	c4c166e5a407930d150aed5333ff2fd10d2374b532d896d03b6f9ce12aaa8b52	2fd2b7120905d10d3fc0e7d33a57bad4eb3f142c2afb9278f5ff64907ea01db8	<none>	<none>	<none>	<none>	1	0	6	"BODY_DIFF:""_CN7default6<main>Hv"""
Oz	129_spawn_future_get	BC_DIFF	0	0	1	1	1	1	PASS	PASS	PASS	PASS	22	20	0	47c7559c3a8452e1faa88d37a9e88c4719fb825a5be5a27682407c4b0dd5e2ef	b7d694819cffbae730df93b15b8adbac660486b5794cde2af70201e871445279	64587307eca263eebbb2792b023a62b03a89b8d42ae23d9383ad88a1509d2f29	65d3e9194b9d87b67a65c7a93f758264008a6861efa29e590b43e3ff41b13728	<none>	<none>	<none>	<none>	2	0	0	"BODY_DIFF:""0_for_keeping_some_types"""
Oz	12_str_interp	BC_DIFF	0	0	1	1	1	1	PASS	PASS	PASS	PASS	18	17	7	f2a7fc38dac0d54b0e7704fc4ead94f8df840fd880dc9ee9382443b2eedaaca6	528d2fd17935f7a7fe92900a241a11230242457548209b55994fe1d496945ce7	fb4ff5512514315232250092c0e898a302969f5f016a2e4f4814b8d8e6a211ff	4265c601e082c650a81f3f41e072c85cf5047083ebee17756f0560db724ecb9d	<none>	<none>	<none>	<none>	1	0	7	"BODY_DIFF:""0_for_keeping_some_types"""
Oz	130_spawn_capture_future_get	BC_DIFF	0	0	1	1	1	1	PASS	PASS	PASS	PASS	22	20	0	9f4d87e6511642fd71dbbe369b98a421b56d7657156d6cc7b5ed7a857a7ccb77	d7becc38841e4e7833656a6f08af3fc171802efd6e333501bc9433e1a81438b0	8033af8d97596fcd46b5a7e7a5f55a0d91323c5aeb9b5b3d7c091e787ad68cd9	7b694b906b4f683688c83c88b373fdede7028d0220e21ed09e7f6d90b3554223	<none>	<none>	<none>	<none>	2	0	0	"BODY_DIFF:""0_for_keeping_some_types"""
Oz	131_when_local_decl	BC_DIFF	0	0	1	1	1	1	PASS	PASS	PASS	PASS	18	16	0	9d3abf73821dd884b063cc6e1c8646b6c77a08e2acdaca0df007168b9c7fed56	003d2decd290e8f285b278bbc121a9d1c9414ad6a618158e2178c1c99d31fd37	7a882ccd98c3e8a14a9fe08ff7f1f5fce0780a80ec6360d8178188da6af00b93	75fb129c96012b1e8580086b8dcaae86cc6e3e18ebf8d43a4b74db62bbc50c2e	<none>	<none>	<none>	<none>	2	0	0	"BODY_DIFF:""0_for_keeping_some_types"""
Oz	13_tuple	BC_DIFF	0	0	1	1	1	1	PASS	PASS	PASS	PASS	18	16	0	e80a06033d2f0d2e267f2da29962ae37b44475b2cbfb81da201d5c4ec801272b	fdf435f3c0cff5fdeefcbc788317b05092b95a66d7631d779561d1739785282d	0a517ab4dccfa2ec053500657511966f9f88f8a34d2e2900ed0154041aae3648	503e6386a59c78ae0a5d41a9fdbd21b5a569e65b77409fedc0969bfe367081fa	<none>	<none>	<none>	<none>	2	0	0	"BODY_DIFF:""0_for_keeping_some_types"""
Oz	14_default_param	BC_DIFF	0	0	1	1	1	1	PASS	PASS	PASS	PASS	18	16	0	f68190f082ecb9faa763a8eaf4cf498c3f330b82750edc2bd023676f5e81dae9	25bb6a3b0da70bc306141930f549ba9674d56edf94279f8d651f9f387703d96f	525a61257f86bd83ddc793fa67a87ae4aa6f188cc1a2856a5a566222ebda9edb	99011550d9a3acfde1f2a3eff6ba65e94ac7c333f16ae0fedde9fd149a9724f8	<none>	<none>	<none>	<none>	2	0	0	"BODY_DIFF:""0_for_keeping_some_types"""
Oz	16_global	BC_DIFF	0	0	1	1	1	1	PASS	PASS	PASS	PASS	19	17	0	5e9e2b947353716c57aab98daf99c16c9214abbe3dae9df219a3574cabe2fa1c	d904a1f9dbb0a43b5fb6c8ff99832bdb68a8ecbdaa371bd4895031e2cbc07140	8918e44b37d45aad2164a2586da7ff6a85ac80950025fb10d79e350cabda29bb	564fc2f337895c9086d0da904223378190345503452b2956361e0f32fbfd77d5	<none>	<none>	<none>	<none>	2	0	0	"BODY_DIFF:""0_for_keeping_some_types"""
Oz	20_struct	BC_DIFF	0	0	1	1	1	1	PASS	PASS	PASS	PASS	18	16	0	3b1d2838974ac3f5014822d16ddbe4a281cac97b19aaee52d216a1342cfe57f8	e0063ae0fe294d7f2171d118dd486c9897a6823576a1d6f35566c3e8eeaf07f8	f2982f88036bdff55188fb058ff2bef77f5c3312e920a481c9b386c7ca7ccf6a	3fe6935d5420b3f5e4472a5c6e460f88a46ece1a352a20999a1bd10d6bafcf8f	<none>	<none>	<none>	<none>	2	0	0	"BODY_DIFF:""0_for_keeping_some_types"""
Oz	21_enum_pl	BC_DIFF	0	0	1	1	1	1	PASS	PASS	PASS	PASS	21	20	0	c0947bc80602d5f53dcc0d21b7739a560c952c666b0849ff2648752c8b28b28d	7ac91c9e71da63521900427f8000243c053848dd2b10fc508e41ef912c93cb71	b3ff35be02a014ce81c07ec2ca0f17309b6690970d78f91ef3a115abd6be3a23	4b52bf9816dde916677a76b51972e66974c4308195866a4edbf8b7d50b1a6bc8	<none>	<none>	<none>	<none>	1	0	0	"BODY_DIFF:""0_for_keeping_some_types"""
Oz	22_enum_rec	BC_DIFF	0	0	1	1	1	1	PASS	PASS	PASS	PASS	22	20	0	1ec0ee504b518f4b03e5afd7c6f38f3dbff05867d54e009e54594a69db9c0552	8396031e019a1797242f18d66c621df3aab098c3955db28c5f0a7909c3841125	6218e99fdc89761a21a69f31f2ebe31bcce62b022e5d25a9779b6d2e06060abe	9beb0b9dff34411b50caada4fb87185fbd2d47bf4a628f349199d1da46caecc8	<none>	<none>	<none>	<none>	2	0	0	"BODY_DIFF:""0_for_keeping_some_types"""
Oz	25_extend	BC_DIFF	0	0	1	1	1	1	PASS	PASS	PASS	PASS	18	16	0	1dbe8aaa29f4248ace0d63c8fa504882f4af1fcb390c87293f583961a68a1c2d	80173c9f43c5897ef0fdf4f1ccbbf97b815afb18be0ec4956c7e77745ede5f6f	9c9b76286fd10721459bb6d1bd753c2c66a01fc555051c7670bbf9d69f57868a	fb98d1bf60fb502e735f5ff40084d406d4a80e6436ecfa6beafbcb9e9ac9d320	<none>	<none>	<none>	<none>	2	0	0	"BODY_DIFF:""0_for_keeping_some_types"""
Oz	26_enum_method	BC_DIFF	0	0	1	1	1	1	PASS	PASS	PASS	PASS	21	19	0	7bccca3c4d7b90f3ce095297263928f6edf76f905bcfe2d8223af74ac37b4acf	a6bf0bd0499fcaa57a70290c34bbd9283d9b503ed00a93ae1222d4bb003e84a4	7bb31bdab493f2699b583f07905ec52dbcf0c1a7e37d2d920655de20050a6dc6	ffae8392ee19c37c3876bb059dd8f0bb2afe43f3d746fe0251d8081417313bcb	<none>	<none>	<none>	<none>	2	0	0	"BODY_DIFF:""0_for_keeping_some_types"""
Oz	30_class_basic	BC_DIFF	0	0	1	1	1	1	PASS	PASS	PASS	PASS	19	17	0	5e028d25a7d2e98488b86cf4749c8730a0eac21f871560952d30c48407cf4718	2ab336c250771ae012de6e65a6fd8ecf65b07624dbb87b62978941c1b64e1b95	b6ca0cadafe2f21dd3a34d6115f1cf8fb19779db87830558033bc2041464b5af	8fd028aeb231024514db8e92308b90edb65bdeed590c927fe050a6246d28da32	<none>	<none>	<none>	<none>	2	0	0	"BODY_DIFF:""0_for_keeping_some_types"""
Oz	31_class_alias	BC_DIFF	0	0	1	1	1	1	PASS	PASS	PASS	PASS	19	17	0	aa9334c1396ac0bf381e3cde8e4661ab81f99d5a33220d23c0f4dab6f108fe99	1ac4edb5ec7502b9ca6c7237d586d93da38bf6317df31b9b10c47858ae3c9a0e	cac51d65553f790bdf22409a618b21af6a0688e1e0476ec7e0873bba0a674b53	cad7f731c0d0b2f92e42f89a17c37936255f05773765c85e943437b7a61cbcff	<none>	<none>	<none>	<none>	2	0	0	"BODY_DIFF:""0_for_keeping_some_types"""
Oz	32_interface	BC_DIFF	0	0	1	1	1	1	PASS	PASS	PASS	PASS	20	18	0	11f00de3e9654e28c9dbae77dccd941b6dcca96aaea80527796b8d58f1acdcd1	5181c78a883d034a09392de08e67190b67882e93a2934975c8d7cc5cba88f5e0	577350757751c8e1723447fdc27d3d5d764b56ddb815a7424c8da30af3bb356a	5e56e752986f7b300a4052bd647856362e1db66c7f3f474477d70311729af79f	<none>	<none>	<none>	<none>	2	0	0	"BODY_DIFF:""0_for_keeping_some_types"""
Oz	33_iface_generic	BC_DIFF	0	0	1	1	1	1	PASS	PASS	PASS	PASS	22	20	0	c8b8c4bb19f83ea124b3ed9dfacac4e06a567c5f0dcd73e2ef313ebaf7e78520	c2ee6555c1d21e9ba5cea5d8cc454cef510e0d2cdfc613e9f722c91762f29193	930cfbd8b516c2e51e822cf6a5001f795b354abcbe8950693680d78b8e8dd32a	2ce4cd6f0bfc733ab7a90655bc9ad9691587ec42b9c3617e86987cd288eaa95e	<none>	<none>	<none>	<none>	2	0	0	"BODY_DIFF:""0_for_keeping_some_types"""
Oz	34_iface_default	BC_DIFF	0	0	1	1	1	1	PASS	PASS	PASS	PASS	21	19	3	a8681037de406ef1e37fe1eaea7886ff6b1d7bc309c8894d8741c44e379d9faa	b6a9acdff770ec8192d0a7ecee6923ea59ca2faf1f948fa2e0536a86b721da51	c9064e38bb37d402c827243368092d583ce29331b16b1265dde46e0c291852f4	226310fcffbd747615b5798abf5edc02ce578682cf7ea37f777380de5270fa1b	<none>	<none>	<none>	<none>	2	0	3	"BODY_DIFF:""0_for_keeping_some_types"""
Oz	35_match_type	BC_DIFF	0	0	1	1	1	1	PASS	PASS	PASS	PASS	20	18	0	1e959e944258194b724420e58054a56b006041c1f8d93306db8a5358d4900c66	85660702d8d8d44e309f5d3455ca2692c86c95c660e478a5e43e54e92d93fc4f	9700093d5dda45570c7b1bb1c0a1247c8be3a7a86839ff40430483efe63d186d	fbe32f5da7171768f6b1913aab86b94d45a84ec66aa6391fbb490fb691e28c1e	<none>	<none>	<none>	<none>	2	0	0	"BODY_DIFF:""0_for_keeping_some_types"""
Oz	36_struct_geniface	BC_DIFF	0	0	1	1	1	1	PASS	PASS	PASS	PASS	21	19	0	1726f7b3c90b4cc3e43518e196749507f7649816161e7ba8dab632ac971e2e87	1104a9f1d9ceaeb3c0d33871bf948709b3cb453964526e90f3ab12a7de9abcea	1a650bbbe8c7aeb520b10c6b3eb4bbfe04d9239e5c91135ab1940104cbf8d4d6	a3c6d5c82ebd641a739029c77d1d683aa7c29381ba89cbda912619d1a0bbbf73	<none>	<none>	<none>	<none>	2	0	0	"BODY_DIFF:""0_for_keeping_some_types"""
Oz	37_geniface_param	BC_DIFF	0	0	1	1	1	1	PASS	PASS	PASS	PASS	22	20	0	c86535562915c47178d5c9fba05e327d57bd6fd92b17d12296fef53daf63273c	311e4c36beb878a27f668f9dccbdd7aa6997bdc815816c00521e7cc174c6f543	0b9ff7ee5007d1350625b1849a4b891497018ad35daa2bd8315b8fb888bc1d50	97ba4cf6f7d15ec63ee030f026cc1ba1a068a538bdca8654660779fbc9856a14	<none>	<none>	<none>	<none>	2	0	0	"BODY_DIFF:""0_for_keeping_some_types"""
Oz	38_geniface_struct_ret	BC_DIFF	0	0	1	1	1	1	PASS	PASS	PASS	PASS	22	20	0	75d10352f5de767f7ff3f18575ade7a24405f21b26d0db4ea04d31602ac2013c	d96a48a66bb754340b77fc95d0368961afe6f39d40a75545cc6f72b809a9624a	5ba0a70b802844860aefb6a7265b9a29f9666d67784247278e351fbc1147eab8	dc907799d5ca5b273ffb87019682517f6dbd459f534704cae8cde0a845f55f27	<none>	<none>	<none>	<none>	2	0	0	"BODY_DIFF:""0_for_keeping_some_types"""
Oz	40_array	BC_DIFF	0	0	1	1	1	1	PASS	PASS	PASS	PASS	18	16	2	da7ea846217de24342b93eeac4c30da13b85ef7b65142ef9c64df80512167346	7bd6f787e957c73523275404583e8a7c32dbdecf3c45e47762d54f0ab482953a	868fab992d0dc48d0f093c65e3446290dfac775b1351e9378e9129b1e565185e	9367abad1296b6dfae854adf70a3001d072d0f0585d87526ce327da3dddf9838	<none>	<none>	<none>	<none>	2	0	2	"BODY_DIFF:""0_for_keeping_some_types"""
Oz	41_array_loop	BC_DIFF	0	0	1	1	1	1	PASS	PASS	PASS	PASS	18	16	3	77545b43a36280dc9276f0ad244349716365a70a8ed80a99079a03401da32e2f	ce4ff7cde63341914bf442299293dba4a09e5a7c0139aa796a63b36bed22e2a9	1a4c025c85e8fb3d709c9316aacd04a5ea993cb1b58771ffbfb268db2c0cc6ed	8e516a329c0b29694ad7236c4e51f6c253eaf6f2d0fa213e9a4e10f56318faa4	<none>	<none>	<none>	<none>	2	1	2	"BODY_DIFF:""0_for_keeping_some_types"""
Oz	42_arraylist	BC_DIFF	0	0	1	1	1	1	PASS	PASS	PASS	PASS	21	17	18	9e2031997f01edadb9a5415954af827052cdbd7ff4a5f51335a62480693a6643	16607e684ae2411c32578c8b4509818370388e5a87bc46d6d7703251e05e52b9	a82cc966dd7caba0f5942b4ee8f1f5983ebf872fb7c923dd18496d340780583d	3b847840170a037c2495dee1176f813d5ce3d5ace21b4182f72db5c8312f763c	<none>	<none>	<none>	<none>	4	1	17	"BODY_DIFF:""0_for_keeping_some_types"""
Oz	43_hashmap	BC_DIFF	0	0	1	1	1	1	PASS	PASS	PASS	PASS	24	17	32	91c535401c178cd8fa15860f095a397219d975f0b1986b5592067f09cbd6d673	195d86f8d4d0147a4031befcfe086a971640c7180f5ed486e168d1ab5a507254	f8727d0c4995c1389ac09ba6735b348db628fc0c6e6acc18240801c501ba4786	9d62c370f124ac5a8e354d6b0cefa10f3732ace1193d7222f31b515bda3ed7cb	<none>	<none>	<none>	<none>	7	0	32	"BODY_DIFF:""0_for_keeping_some_types"""
Oz	44_list_methods	BC_DIFF	0	0	1	1	1	1	PASS	PASS	PASS	PASS	21	17	21	2428625c33d8093ecb99e170dbc413a9db3522b554ec7b475f18c4f354c3feab	e5f6941ee67cadbeb4e66f475ddf038a44864c0a6b087a7a41317b4789dbdc07	1ca20343b19413b08fbec64c0d7fb070ba7ac45d0f003be46f4de223b058bb8a	3068f76c134d00fbe1e3fc5413a10aa8715535df524c8eeaa8f4fdc9d62f85e8	<none>	<none>	<none>	<none>	4	0	21	"BODY_DIFF:""0_for_keeping_some_types"""
Oz	45_string_methods	BC_DIFF	0	0	1	1	1	1	PASS	PASS	PASS	PASS	18	16	0	206896496920245e3c135f0402dfda0ce90081095d39c5a5f9fcdd0f9f5e328b	f2cf119255a3f364eb80f5b53e2e5d01ddde56ad47c6ae0285ea5772d0012f13	e14921cfd0f9509171b4ffabbd10c8457173f3098aa5c60df27b468e5e65a09d	d4c7a653f5f9cb0bc043e0107c73ecb0fc50f459da6e3cd9b650b6d0591b4c86	<none>	<none>	<none>	<none>	2	0	0	"BODY_DIFF:""0_for_keeping_some_types"""
Oz	46_forin_string_count	BC_DIFF	0	0	1	1	1	1	PASS	PASS	PASS	PASS	18	16	0	ca52d4c32fb68aa7177b1ed537a6a5ba92af68bfcf3719ee4af2b398ba692ca0	52866cec79d80bceeb8a761e62b1a63ffa3eee7dfe073e8b02b79a709de6451a	7512b080193a244982b8174917fe0d7df1388e52a445cc4d07aaae50843e91aa	51261d3102f054660f0aadd431d9f9889b08a81f57013f2b0480c8d7d137cde8	<none>	<none>	<none>	<none>	2	0	0	"BODY_DIFF:""0_for_keeping_some_types"""
Oz	47_forin_string_build	BC_DIFF	0	0	1	1	1	1	PASS	PASS	PASS	PASS	18	16	3	fb81c38c68a0de55661565210443146c3e64e1330d2495b1fb9e88acc4501da4	45f3030ed07e8995db2138e835f57c26e7eeaa5f40dc90a171d444aff1fc9588	5944f985567bd1425fbcde8ed83c831c0850783690a0f5db67b8f6a867e95bcb	e9995533852a079ea3328e563e330f979ba48812ba20e1f5d3af81d51b838d71	<none>	<none>	<none>	<none>	2	0	3	"BODY_DIFF:""0_for_keeping_some_types"""
Oz	50_generic_fn	BC_DIFF	0	0	1	1	1	1	PASS	PASS	PASS	PASS	18	16	0	700f977da9db09df3a6306e8ff2bd3dfe96cd7abc470308cb5cab84f723cc194	147574918c6d26d23228cc7ff8a3eb2d325095d1a364f80a21ef4d06ecddbe3f	20050aab6128e8fcfd35d7a844854ce7c9da87599ecc23c127deea05ec37645e	97398710a64c71d1fa206416a989ebb327a589a3e8814c91090d028dd25042b1	<none>	<none>	<none>	<none>	2	0	0	"BODY_DIFF:""0_for_keeping_some_types"""
Oz	51_generic_box	BC_DIFF	0	0	1	1	1	1	PASS	PASS	PASS	PASS	22	20	1	b13b1885473d2fc79ccb3c7506ccb44fe4e302a00acafe47d5c56c7596da5858	c4ffa1da1f5e6d1b7daeca867e3d940849d9f942865610d450736d9b321aa862	16f07668dd2c312e07d5f2a771b08357f501c5db0ec41608e5a111cca77586cb	37e788daa015ffe3ee66a6820bec4893e87d4cb04a7b2cb6a61e400363c7a891	<none>	<none>	<none>	<none>	2	0	1	"BODY_DIFF:""0_for_keeping_some_types"""
Oz	52_lambda	BC_DIFF	0	0	1	1	1	1	PASS	PASS	PASS	PASS	21	19	0	23955b7b7fcc5f729661b06e082b1d692f647be8a2a0e6a7982df19c0efcf6e9	04be19902b5eb925c98abfb9431c5e1bad0de1b9d0269ba812d071824cadc230	6a08e9374f4fd40b7557eb318418eb6274b16d8ecb01f12ba2c5244bffd00486	3bd0e044632cba04281ab62944b1e03dae26473b43c60058fbcffb73f936b94b	<none>	<none>	<none>	<none>	2	0	0	"BODY_DIFF:""0_for_keeping_some_types"""
Oz	53_higherorder	BC_DIFF	0	0	1	1	1	1	PASS	PASS	PASS	PASS	18	16	3	1a75d547641358fa14800cc827ad1544a08bec5e480e6c530b1062f0640c571e	74799ade84390a9984e9442b3ae3d4d898e81cdc44e2203922c08e909961aa73	1477e1b255ae6fafd5471c420ad530b2ce40ce06a3effe803b6a8b67986a4292	ecad3d0f71e871d6bde6291082fe9623709c0eace3d743803c08cac93bf7d99a	<none>	<none>	<none>	<none>	2	0	3	"BODY_DIFF:""0_for_keeping_some_types"""
Oz	54_generic_bound	BC_DIFF	0	0	1	1	1	1	PASS	PASS	PASS	PASS	20	18	0	4a3ebf0657c5e46aba3d1cd2c634746093d84bd54a24036b78abbb06b33f8ab6	fb69c77ecb45da06a9c8cc65d472ed9d7659bc714710b3b66b71e4b50606e3d8	54a4f6a38d41fcc4e3c29b5a0fce9a31276dea8e355c5e465c7aad3dcff54ca6	05c3b8a4cc31b1c1692ef7eb48788b036fa5d8f46a9fcda1c648773446c64ee2	<none>	<none>	<none>	<none>	2	0	0	"BODY_DIFF:""0_for_keeping_some_types"""
Oz	56_untyped_lambda	BC_DIFF	0	0	1	1	1	1	PASS	PASS	PASS	PASS	21	19	0	6ad4cd9ac0826c7fd44a128b3643c2f67d66458b33b1994ff0b22714db5f57da	9b7682a0e07c23e734d6ee7c81185f925b01acac16bc17ad807e82809379fc12	8509fb4f135e75f5bd69c3ccc3163d5075667f001c9183879064ccc393ff7ab2	b4798143c3b9cd2aa48265d1dfc68ee45d824df75a4c56b0efd4ee22ce4a110c	<none>	<none>	<none>	<none>	2	0	0	"BODY_DIFF:""0_for_keeping_some_types"""
Oz	57_array2d	BC_DIFF	0	0	1	1	1	1	PASS	PASS	PASS	PASS	18	16	12	d3725314dfe9de435bede3817e66430e8496ffaab6f4519e5060b53fab77f199	f35936aa2fcc03083ab1224ee8be249b443b0732c0aff83aef744b8dcdfde3c2	f3b1bd0306d76d08a92d04ba6e330a247f2e03fb694dbb1175da007a8a29941a	adf0ae1ca034a5d119401eeec5b84f8d3ecc22d3f1200605b0dceaa0e6d23774	<none>	<none>	<none>	<none>	2	0	12	"BODY_DIFF:""0_for_keeping_some_types"""
Oz	58_array_struct	BC_DIFF	0	0	1	1	1	1	PASS	PASS	PASS	PASS	18	17	7	0a846f8a582580b23cdcda1b7c552c75ae85ed350b43c720f10c3361cfaaa558	49d30ab74b3cc280e17b6f960e534ebc8b886e531f4d266bc24a52b039aa87ea	367ff2653736c878ae497a011235baab0eb14b69ddd3d3180863eb0ef46c2704	2b75d702fa871e8ec19eef8f8d928e6cf63a3806211af4d4876c0d9431d61e59	<none>	<none>	<none>	<none>	1	0	7	"BODY_DIFF:""_CN7default6<main>Hv"""
Oz	60_option	BC_DIFF	0	0	1	1	1	1	PASS	PASS	PASS	PASS	18	16	0	86ac14ba9e06c257ee2dda56e14bd1ad16aa08c4760e355ca658a0ff0425ce68	ac026803ea71d2ae992c350419dda9f966491fbe0d0708ef90da8b9e6fed439b	bf05e1fe8b5f2330b12d62643ccd220d5f20ab50bfeb765d31cdf8da43feb329	aa9d4091d4948ff2e25d4209dbcdaea10930d5187b658ba78ccc6bcece98bd35	<none>	<none>	<none>	<none>	2	0	0	"BODY_DIFF:""0_for_keeping_some_types"""
Oz	61_try	BC_DIFF	0	0	1	1	1	1	PASS	PASS	PASS	PASS	18	17	3	3577e9cb3433d4af31fec89d78f710f4464d9e5df28ac7dbf082f0311d9ff590	3e041294d68c941f1609511cacb3dbe61c09d30e37ef806b330eb2dc43a2dffb	0cb038c73d29b9b1820b02f8c3177e3b47a6597432ba0f9918d29baa79cc700e	a21348ef2dbb5b7df4d1cf3c17db2a5062fd9998d5ed7da5a0875c50167c6bb9	<none>	<none>	<none>	<none>	1	0	3	"BODY_DIFF:""0_for_keeping_some_types"""
Oz	62_iflet	BC_DIFF	0	0	1	1	1	1	PASS	PASS	PASS	PASS	18	16	0	963ba5fc0ab96175b678bc60adee60c1fd2a5f498e18d322dd71dde99ee5015e	73868b454fb271200ca78142a7a784d5c88b8b6480472cbb5f2f57c27a834633	776cc876996c3b285a827d5a694b03e7710e82125c7fa045f955960b2af52f7b	64ca0da327fe70bfe1578ff9718bd1fff5793fd345b70eca6231881a3463905a	<none>	<none>	<none>	<none>	2	0	0	"BODY_DIFF:""0_for_keeping_some_types"""
Oz	63_lambda_ap2	BC_DIFF	0	0	1	1	1	1	PASS	PASS	PASS	PASS	18	16	3	61510bb243f60156a70e9b21b707915f987b981783c08dd96597d74ae891650d	8ef2df4d8b5714d5bfed9f2371d87de97a3ee2edee2284dbabeb30546a4af71c	3a42ca647ce905547d7f84af4367788b3dcb57145e97f457186bdd92a23a0e4d	2174b22c666eb7e1fece791b8b959dcb04a1ee6124d6ef6121df4e180205c836	<none>	<none>	<none>	<none>	2	0	3	"BODY_DIFF:""0_for_keeping_some_types"""
Oz	64_lambda_overload	BC_DIFF	0	0	1	1	1	1	PASS	PASS	PASS	PASS	18	16	3	f0fe85b5bdc04094c22ffbca65c12ba78cf8fa5ac293a01ddac89fb55d576ee3	d93b49cca1e3e8c30bf6602ea672bb7f78039a365c8eec984fcf08be5bf77721	cd289b5469d9271331a494c5fd0caac56c7fb94bcf71a4af4297a0cbb67acabd	2bd7a05b1fe6111688a9914f06c1bb9eecce96e59849c8c58f7545293e629db0	<none>	<none>	<none>	<none>	2	0	3	"BODY_DIFF:""0_for_keeping_some_types"""
Oz	65_lambda_capture_array	BC_DIFF	0	0	1	1	1	1	PASS	PASS	PASS	PASS	21	18	2	1f28eceb8643c3f4aa9e098b8a718058f84a523949b60699a13a35daa0899a6d	2d53d49954f1b8acb5ee18f279f102cd0613654b66724db25bb78f8877126410	8851e421b966d964cb1f3608aac833c72a948fcff69a6172087f8d834850ed55	42e98cd874386790855791cc9b711283a8322a84f6abd02ba1352ffe8f4f6738	<none>	<none>	<none>	<none>	3	0	2	"BODY_DIFF:""0_for_keeping_some_types"""
Oz	70_throw_catch	BC_DIFF	0	0	1	1	1	1	PASS	PASS	PASS	PASS	20	19	3	08967ebc85b010db0b1c6f92b6bc4bd70ae8c0d87e79847face5b16d978fad27	2385a8e73d51eaf49298aeb7aab7d727400ada9148c2528e0e5fc5756aff8db9	ae67fb2c808dcdd9750ba8e1f788cd751ced929eeaad9f4841a5d2c3ae207871	893bc9bd2c6e5769ed00cbff4537c24256b66937204d150c0bec6fef19554af9	<none>	<none>	<none>	<none>	1	0	3	"BODY_DIFF:""0_for_keeping_some_types"""
Oz	72_multicatch	BC_DIFF	0	0	1	1	1	1	PASS	PASS	PASS	PASS	18	17	3	d15d5a5f42fe6822a91c63a80c09ad76422eff04b2e83ac8ed37225eff9024f1	6a7791eec1e1db375784c8916864eef44206b3e2eac4823ef7b07af91cbec6c8	89d1eba0e34391c39cc31c31e74ee1284d4ed5e873dcf03e33d57de236bf2527	9cefb783dffb60c4942752a60432807268a3e2eab1253dac51e8b8ff453ad2b5	<none>	<none>	<none>	<none>	1	0	3	"BODY_DIFF:""0_for_keeping_some_types"""
Oz	73_and_assign	BC_DIFF	0	0	1	1	1	1	PASS	PASS	PASS	PASS	18	16	0	075797d67b953f0c7ec1c05f4ad8fd4e7e3f9831c5beb06f01edcc4c7d3b9f9f	32488919452fccc0239ff16f7a6d8bdf4800e986f10033eb76dfce1a6dc9ac3c	8cb3cac2bc7bbe7976d956aadea93e9f1f64f8cec77ace82b0776b1a02022bfe	6e05529c52e95ea56f8be32867c6e05849bfae173232377e00da4845a79aed2c	<none>	<none>	<none>	<none>	2	0	0	"BODY_DIFF:""0_for_keeping_some_types"""
Oz	74_or_assign	BC_DIFF	0	0	1	1	1	1	PASS	PASS	PASS	PASS	18	16	0	d85b5fc3276054d0987ac883d65368cb6985d68a4cab998b9bbf8cac5d1f3619	f7b69da828055ec7c30339616bcee448d6277db0206f814c4c65c9252ff30666	00b4a34c8841bdc1d0f506d16f74619f1bce2ff1d4b66f0159068d2c20e145f1	3367634c9fbb76085523fe81f7fe25fe5dbedf227b7ca73191f1f0a7976fc963	<none>	<none>	<none>	<none>	2	0	0	"BODY_DIFF:""0_for_keeping_some_types"""
Oz	75_varray_compound	BC_DIFF	0	0	1	1	1	1	PASS	PASS	PASS	PASS	18	16	0	e4c71789fdda77d53738610e45a20ede89f22cf3741c84a7b840256495ea73d4	3ea4d08685e0b54e3f877e4618ff99b3456216d391c93d530e7511d1ea58b5be	6b46cd7c84ff25699ce48e382513a21f3691f31e357ae3d899c066a7ebfe1e17	8982e0efbabe46440f7fe7c016ca5b565b3ff4e3eb778354903ee5a95623fa0b	<none>	<none>	<none>	<none>	2	0	0	"BODY_DIFF:""0_for_keeping_some_types"""
Oz	76_match_tuple	BC_DIFF	0	0	1	1	1	1	PASS	PASS	PASS	PASS	18	16	0	fe98f9ddcafb69412333b2d481b872d2cc4c44eca16d44e12a5e7a0a2555235d	e08ae724079729c38199151037ddda6bd6a1a8df87878594f4034c3968943486	317c1eba8af39995fe1a595dc1147e55a5581c290c4d5ad469279ae420b57ac9	433af6f874fed5e724807070529d27d39c298422c54c0afc47f315b60c909ea5	<none>	<none>	<none>	<none>	2	0	0	"BODY_DIFF:""0_for_keeping_some_types"""
Oz	77_match_nested_enum_pattern	BC_DIFF	0	0	1	1	1	1	PASS	PASS	PASS	PASS	22	20	0	9e3b844da599cffba13ff7e1283969f650fffae5f0557e79a8e79c91eb41b034	2bf86e8c2c16765010cfece28e2b9e265aeb0a350f645ef0499a6ad5f8dab0c9	0179ade9c3a0eb621301c9d0835fa06639d74b6de36c2ad6721955702c6a74c4	d1cbe4f4f9b96935cba98ba8979b5f08cb832e3aa06e4f24e1fafd859a122056	<none>	<none>	<none>	<none>	2	0	0	"BODY_DIFF:""0_for_keeping_some_types"""
Oz	78_catch_type_pattern	BC_DIFF	0	0	1	1	1	1	PASS	PASS	PASS	PASS	19	17	0	1ead6d13744c07ca72db709c26c7b420ef53fbdc13a383f120819d63a32f4edc	e06125d0b5a188c1c28f7f4548df57719966993e8d36305d40489906a6c0d75a	c6949bb37c297956717aafc6920ca4b64f137736ee3c88d6f3faa56cf538054f	9e73e218e3fb9d945f76a27eafda717844d74de38dc6619f97963e0a9bdc7759	<none>	<none>	<none>	<none>	2	0	0	"BODY_DIFF:""0_for_keeping_some_types"""
Oz	79_try_resource	BC_DIFF	0	0	1	1	1	1	PASS	PASS	PASS	PASS	21	20	3	56649704ee20a5535059c169da2a59e799218e23e0e3ace4cd0d53d121d4b57f	8cd9741f22cb06e1388d5d55adfd086aec072a793b3c8585458337a8de385b08	c85f70fbbbd47542e81c16a534f9a3197e14188993626b9e3971b1b8cdb14fe8	beb4e050c99706d07504e16ff05d4abd2959e6be13e0e3f175af69f12d4269e4	<none>	<none>	<none>	<none>	1	0	3	"BODY_DIFF:""0_for_keeping_some_types"""
Oz	80_member_method_ref	BC_DIFF	0	0	1	1	1	1	PASS	PASS	PASS	PASS	22	20	0	1cdb83295cd6256e75cf60f45546e87feb7c8a7b85cd601db3bfbeda6af0931a	184fbdc2ed5260ef936999c32bd8f7619f5a952879e466674eedea96ef1d5262	5322e75353ceb38758ff33fe7ec1eb4a54f784271c40e3037fb75f762f94b3df	c7fc39b81807ac39e11f16972315d695f07804ae55e76208afd1f2756caf10b0	<none>	<none>	<none>	<none>	2	0	0	"BODY_DIFF:""0_for_keeping_some_types"""
Oz	80_varpattern_enum_payload	BC_DIFF	0	0	1	1	1	1	PASS	PASS	PASS	PASS	19	17	0	24475b275502359baee191acd050d61595f183ff44cb214f6fdc50b0d3133186	f1cad2322cc81a1c8ec7a16a84bcab3ef848d7d0e89fc9eebc8b3d6789bf2439	18826e5a11313812b0d143c95ea5ebdc89c29cdded02b4c76f9c53ef4af0a401	e81d443ae60a3c39f04457fc599d8fedcd797609deee9ce1e99eb1dbe9e8b746	<none>	<none>	<none>	<none>	2	0	0	"BODY_DIFF:""0_for_keeping_some_types"""
Oz	81_static_member_method_ref	BC_DIFF	0	0	1	1	1	1	PASS	PASS	PASS	PASS	19	17	3	31d0b5f3cd481c6aed61dcb5c5be4b1543a9b7e1fe838b5ec0029e48c4b252de	f24fc2342281c6d44780839acb566f0f06795957bbf36f65aaa3f0b8d2f0d749	a32e205fcaf1dd407197c0a514adf139faa625dcc4a2413f9936d33eaf0dcacd	99fbd8ef63d4694d034c7639cf5294b1c2dd51e55e021039845ea1a90f4da306	<none>	<none>	<none>	<none>	2	0	3	"BODY_DIFF:""0_for_keeping_some_types"""
Oz	81_varpattern_nested	BC_DIFF	0	0	1	1	1	1	PASS	PASS	PASS	PASS	19	17	0	d8f1b8809a7cb511621e91473cb121633bac8156e983eed9eb47d80996f13464	0ecf22321700df854a2664fed41336f052be77de0ddb549d9189e1412189f4e0	7cee39d9bd343f894e3008c1f18f6a17718e3f05b3d8e88bf110764f90ad45ae	6f8e03dde627f3ff802787cd43b29079a08cc58d4b533dd3e3514d09c09743c5	<none>	<none>	<none>	<none>	2	0	0	"BODY_DIFF:""0_for_keeping_some_types"""
Oz	82_generic_member_method_ref	BC_DIFF	0	0	1	1	1	1	PASS	PASS	PASS	PASS	22	20	0	a09879883ea04af13151efc016e3901ba963b19d751e0d180832a601e7ee3267	8068c93f2dd11a2dca7d0089178a1177c896f2f7aa38032da8a5b4ce58910259	d507328bbb0998cee0977324bad6710fe5195d400922bf666bf480a22733508b	be21a77aec0eef7546bd6dfa373fd6c4ca208351ad5e2923fc37575280c037f2	<none>	<none>	<none>	<none>	2	0	0	"BODY_DIFF:""0_for_keeping_some_types"""
Oz	82_varpattern_global	BC_DIFF	0	0	1	1	1	1	PASS	PASS	PASS	PASS	20	18	0	2f379cdab6d19c6bf35868e74025d4507a983123a0432f9ad1bfb73e1228e998	26510f9f8c01f80c4171bf8568a20f8ff7b0c94efa355ee74de40ddf3123d849	36fbe779a92317f837d06d06694b7106868ccac899726db7761ec07425da1cac	30caf861f9c4207f3884aaba7b23a1451870c0a1f9082a83ffade85b7fff3ec9	<none>	<none>	<none>	<none>	2	0	0	"BODY_DIFF:""0_for_keeping_some_types"""
Oz	83_global_func_init	BC_DIFF	0	0	1	1	1	1	PASS	PASS	PASS	PASS	20	18	0	d72eff9cdb6159fb39ab2d5d3af524768e75ac89008fadd0752bb6e78272367c	f51f4058bf65ef0824f96b106f6fb212f9e18f1faa2ff5b3b0a61ab074ea3e3a	4e3c9c1fd883fc2f679f05e0e056ddfdfd5b5e87eaa05923c5d38cb83676e4df	b56d4db449cef56e2c1f945884bf33322450fee088acac8e8e7d9636ac9f0a8b	<none>	<none>	<none>	<none>	2	0	0	"BODY_DIFF:""0_for_keeping_some_types"""
Oz	83_interface_member_method_ref	BC_DIFF	0	0	1	1	1	1	PASS	PASS	PASS	PASS	24	22	3	d5592c21f4398aeac6b9750f7abb7e273dc637f5c3a624ee6047b00e3a4f9502	20f26682369d5119ab2664b6c9a881ba5486d8335c0ea41aa088ea74bb77e22b	92234cca614e78f66d85efaee52eef820f0acc202c70d81aa80af87536ed9753	4e8ef0ae4f1f13f48a145276898e634da87c2ea1a2af8417c1a943decaf4b24e	<none>	<none>	<none>	<none>	2	0	3	"BODY_DIFF:""0_for_keeping_some_types"""
Oz	84_lambda_mutable_capture	BC_DIFF	0	0	1	1	1	1	PASS	PASS	PASS	PASS	18	16	6	db2d1254b2fe0d6d269ef93a28708e0e7756ca06b65c422deb12efb76843b97d	806029c0a5f6eb7805a0c2d7791b4247b9f5ca04c3c0d4cc0aa69c0741c068a1	f56470553e89ffeb87cd65afff2e806ae1108e72147d6e2e356bf89626ee2190	9918e7e9f8d604f5f168e85e71d8893ba71a0298feced8509dfd795ba3a05146	<none>	<none>	<none>	<none>	2	0	6	"BODY_DIFF:""0_for_keeping_some_types"""
Oz	85_lambda_returning_lambda	BC_DIFF	0	0	1	1	1	1	PASS	PASS	PASS	PASS	24	22	0	c5d74c1e6a44ccd93675417ddb3c3241a3fc18fe0aa272a79f8549c027e06c78	fb624b07769d7f91299b9d7d7840c9b63b74f7572cac524e5108c52654a484b9	9b3c6b75a51a9acd87770e085ae339a728159463ff6a796e98347599fcb6c58b	4460f5a7fce15f3d69566df55be27bdb569bc1dc88c53718e12bf13f0a9369b3	<none>	<none>	<none>	<none>	2	0	0	"BODY_DIFF:""0_for_keeping_some_types"""
Oz	86_lambda_generic_hof_capture	BC_DIFF	0	0	1	1	1	1	PASS	PASS	PASS	PASS	18	16	3	0eb2c90e9413bdb06b32b15448b7fc1a620d6f077ae9169737c2ba9f0f289fc7	b4867a55d1bd96fb959c2ba71321eb2f5b17fc350d12cf9b20478d39058efa09	4da18c4287f3bd5842c201a09b9003de35f323a48f69c969190664a6c6c87519	1d64299f055740099765b99310d473ec6d67ee806ed61cc38a29e4fc4f5a8a4c	<none>	<none>	<none>	<none>	2	0	3	"BODY_DIFF:""0_for_keeping_some_types"""
Oz	87_lambda_interface_dispatch	BC_DIFF	0	0	1	1	1	1	PASS	PASS	PASS	PASS	23	20	0	10d07935c2a7e9eb36b84adbb24a4b18c5253ce2c2bb654f0a4d4684692aee16	d94477612013dc8ceeec89f7dc3f01f01e68bb853dc037d0715b3aa27f2eed5f	37d5c79decf1bbd7bbccf3267c06faaef335f441853981220e6b084fc2e70315	745fff61a701ad00a7638da1759f8c61e01e69eace45f39d62b2f0189e8b7027	<none>	<none>	<none>	<none>	3	0	0	"BODY_DIFF:""0_for_keeping_some_types"""
Oz	88_extend_inherited_interface	BC_DIFF	0	0	1	1	1	1	PASS	PASS	PASS	PASS	20	18	0	a5e27a903c7ed09991f31a662ef3bf04701e35c44a84351b9a31d1a27e7118d8	7ef8b9e729c9b31bb9e17a8c96d41fa095bc991f44dce27142e44bed642b02a8	438970629d60dbb5064c1ccb02c0b41e39ebedfd6ebee7b69e8c050a18c31e6e	c19da50cfd227a809523b6e974d336a54d5f273784c7c4823cf8ad44c9ec9d0e	<none>	<none>	<none>	<none>	2	0	0	"BODY_DIFF:""0_for_keeping_some_types"""
Oz	89_match_qualified_enum_result	BC_DIFF	0	0	1	1	1	1	PASS	PASS	PASS	PASS	21	19	0	da3abe92373048c6d6f5c00f76695083d5712cccd3ec6380832bb64955cae3ba	0842b089828a59aeff6fc369642b138e8d996e974908a99ac49559fe07a2edb6	b9989c91179e6700218d76e7d5114985b6078d3f9d3e9546e89b934298e90150	ba510ace9fc167fe5bb6d9679a68f9778b9ca6f629c132dbaf560180f4cdc274	<none>	<none>	<none>	<none>	2	0	0	"BODY_DIFF:""0_for_keeping_some_types"""
Oz	90_range_subscript	BC_DIFF	0	0	1	1	1	1	PASS	PASS	PASS	PASS	19	17	7	5fc842d98f0ad6e9f0bf0fb04339d167430db722744cc36d8f6c57f5af8904d4	dfdc35d4f3c64206d48f15bf8b065a64473ccfe0d208a4ab66adcfc4d6367b45	be24a720ca9be92db5c16edbb031dc086f06cd6df685b71bf1cba64e982ab4c2	9a2afd7d5a1e50152a4fb69dd3491e40761da4b68616fa19d172249b0e420bbd	<none>	<none>	<none>	<none>	2	0	7	"BODY_DIFF:""0_for_keeping_some_types"""
Oz	91_paren_expr	BC_DIFF	0	0	1	1	1	1	PASS	PASS	PASS	PASS	18	16	0	d2e4cc12d98e3775455a86a8029499356af4a1fe31932682925d303c3196023d	4c3b3d61f51f8ae3424f69ea01664eaf63b535ea553578d5f3e880f8ec975baa	cebc962edeec3864acc19ab63f9361995414c168f5940c7c1ec9239f49e12140	76ff8394e2d8c07a54a9463c0ccfd1cccbc7cc3c6bf2a3334221d2b0d9fe4f38	<none>	<none>	<none>	<none>	2	0	0	"BODY_DIFF:""0_for_keeping_some_types"""
Oz	92_foreign_block	BC_DIFF	0	0	1	1	1	1	PASS	PASS	PASS	PASS	18	16	0	9a6abdab1757ee208d5518a985239307fb347b040fb088f71265549799a00688	3cb218d542724ec33aa9e9fbbb5af05c260e17a288582fd61609c5ca90d5b3d9	5a0c1dced9b987d71fdb3026b65f9ba3264f0fe2571863cdd52758fdec795228	424822d030221cf258f364a9657750c34de9bcf088a9d15fce8094ea50b17faa	<none>	<none>	<none>	<none>	2	0	0	"BODY_DIFF:""0_for_keeping_some_types"""
Oz	93_recursive_bound	BC_DIFF	0	0	1	1	1	1	PASS	PASS	PASS	PASS	31	29	1	648a1150197107303645a78a1ebab582c5c04f90542ca3933dc5540f59748ff0	2dd3e56841195a3a3871323ceb0b026a6c8b9daca36b74948e0cb4f6549b9dff	d7d479dbeddbdd1f84d31edcebdb68f7e6e6ddf1cad5f7df0efa2d785cc647a3	43e0fab0bcc5dfecd7741cda833c192466dc421eb51f0fda514191523842fe03	<none>	<none>	<none>	<none>	2	0	1	"BODY_DIFF:""0_for_keeping_some_types"""
Oz	94_string_literal_equality	BC_DIFF	0	0	1	1	1	1	PASS	PASS	PASS	PASS	18	17	0	55cef905643676ff728b76428abcd1fc0fe75fca33872db825c5ab4863ae9e0d	b7bdb23f8c97e99176f2c3c2d284d3b3166518fdeef9e14fce17e86669d5dc2a	815dd0b0cd2414b46d5c1e4afaa935e7f4789bfbb19ca461c8c362b060b9ab61	a806d9ccb64f125f3a29439afb77d52689670f20d33940c3e48e8c6d28daf9d4	<none>	<none>	<none>	<none>	1	0	0	"BODY_DIFF:""0_for_keeping_some_types"""
Oz	95_string_match_case	BC_DIFF	0	0	1	1	1	1	PASS	PASS	PASS	PASS	18	16	0	ec9f70852ae0192135e23b2175a46ea44e135ef8a6a92fcc00b2fc3d7b5d9952	49ee806cd5072f7a8b0c1674676293a5d52e6e37898904f40b9d80b897aa810f	86d9f29fda86cfed6042c5bc5d7ad93a2b967fec1fd59b7198de0b4c59e40faf	d5c85c12b9776f2b6b56a16e01e40c04b6d7df4187aa9db40e6acd4742869426	<none>	<none>	<none>	<none>	2	0	0	"BODY_DIFF:""0_for_keeping_some_types"""
Oz	96_shadow_param_block	BC_DIFF	0	0	1	1	1	1	PASS	PASS	PASS	PASS	18	16	0	a3beabf3ea20620a29b3515fa4e551acc18b595629cf82568562a3577ba6e92f	ce02fe6f95f0f2e9581a4594496dd51627d228503d32013d20cd67c47ee31f56	365b0866a285407e4021ed8cc3851c041161cb0b1af505094c0f48805aac67ce	190c7875d70c2ed01da3637bf9774b87457edb8481d61d9a1217422cb3028c41	<none>	<none>	<none>	<none>	2	0	0	"BODY_DIFF:""0_for_keeping_some_types"""
Oz	97_shadow_param_loop	BC_DIFF	0	0	1	1	1	1	PASS	PASS	PASS	PASS	19	17	0	bb406ffc9302f32a4d6441f50f2eea0762be8c1d16801cf2473a3f4e5e055389	2d3e0fbad333bf62bdbf997dc9944bc65f1a9c55a6d50656ecd7422ab9138702	509336ceb7080525963bc450568cf3f26b559b1695f28d4e44be6040c2e3e953	341b39df1a1f8bb6fd9392592b873f82ac24145da51bdf18c4fe36337c209aaf	<none>	<none>	<none>	<none>	2	0	0	"BODY_DIFF:""0_for_keeping_some_types"""
Oz	98_sibling_param_name	BC_DIFF	0	0	1	1	1	1	PASS	PASS	PASS	PASS	18	16	0	dd706ffe900a43c301b44ebd95ba2562b134ab0b035c3493c27ceba8289c962c	3219ad4bb81117ecd4210450f3decf5940e34a084aff00ce51ec9714e6861132	51d180243cd7c0cab78d173c7fe1e064158359072a2f9830009ec246caa21d61	79e96baaf376e317d13e139866593dc1731ca0201e4be037ea076e76d01f0a83	<none>	<none>	<none>	<none>	2	0	0	"BODY_DIFF:""0_for_keeping_some_types"""
Oz	99_shadow_lambda_in_call	BC_DIFF	0	0	1	1	1	1	PASS	PASS	PASS	PASS	18	16	3	0a84375ee429a693f2cb0e050b367c669ea86aefbf40e63cfa7f147525ae49ca	9fd61fe21cd9895f282f02f023eba4c818571a8902338f416285a61605391fd9	e745b0cf23042ea7175db69ac2787248e673338a3a174629819d5fe11ee31e07	9f587a6740de5eb61bb8ac231594ebef6967f4aec94c3e0722e0792630346b0f	<none>	<none>	<none>	<none>	2	0	3	"BODY_DIFF:""0_for_keeping_some_types"""
