id	cpp_file	cpp_line	platforms	cpp_condition_chain	block_responsibility	selfhost_evidence	selfhost_when	status	finding
PB001	Basic/DiagnosticEngine.cpp	27	Windows	27:#ifdef _WIN32	平台块负责选择：#ifdef _WIN32 => #include <windows.h>	packages/basic/src/DiagnosticEngine.cj	NO	COVERED	无可执行平台分支；selfhost 不依赖 Windows 头文件。
PB002	Basic/DiagnosticEngine.cpp	133	ARM32	133:#ifdef __arm__ | 142:#else	平台块负责选择：#ifdef __arm__ => size_t beginHash = HashForPosition(begin);; #else => return (static_cast<size_t>(begin.fileID)) ^ (static_cast<size_t>(begin.line) << 8u) ^	packages/basic/src/DiagnosticEngine.cj	YES	COVERED	selfhost Range.Hash 以 @When[arch == "arm"] 镜像 ARM32 hash 分支。
PB003	Basic/Print.cpp	9	Windows	9:#ifdef _WIN32	平台块负责选择：#ifdef _WIN32 => #include <windows.h>	packages/basic/src/Print.cj	NO	DIVERGENT	selfhost 固定 ANSI 字符串，未执行 Windows 控制台模式启用与恢复。
PB004	Basic/Print.cpp	40	Windows	40:#ifdef _WIN32 | 90:#else	平台块负责选择：#ifdef _WIN32 => const int WINDOWS_10_VERSION_1511_BUILD_NUMBER = 10586;; #else => ColorSingleton::ColorSingleton()	packages/basic/src/Print.cj	NO	DIVERGENT	selfhost 固定 ANSI 字符串，未执行 Windows 控制台模式启用与恢复。
PB005	Basic/StringConvertor.cpp	16	Windows	16:#ifdef _WIN32	平台块负责选择：#ifdef _WIN32 => #include <limits>	packages/basic/src/StringConvertor.cj	NO	DIVERGENT	selfhost GBK/UTF-8 非 ASCII 转换返回 None，且 Windows-only API 未按平台隔离。
PB006	Basic/StringConvertor.cpp	25	Windows	25:#ifdef _WIN32	平台块负责选择：#ifdef _WIN32 => std::optional<std::wstring> CodePageToUTF16(unsigned codepage, const std::string& original)	packages/basic/src/StringConvertor.cj	NO	DIVERGENT	selfhost GBK/UTF-8 非 ASCII 转换返回 None，且 Windows-only API 未按平台隔离。
PB007	Basic/StringConvertor.cpp	345	Windows	345:#ifdef _WIN32	平台块负责选择：#ifdef _WIN32 => StringConvertor::StrEncoding StringConvertor::GetStringEncoding(const std::string& data)	packages/basic/src/StringConvertor.cj	NO	DIVERGENT	selfhost GBK/UTF-8 非 ASCII 转换返回 None，且 Windows-only API 未按平台隔离。
PB008	Basic/Utils.cpp	16	Windows	16:#ifdef _WIN32	平台块负责选择：#ifdef _WIN32 => #include <windows.h>	packages/basic/src/Utils.cj	YES	COVERED	Windows GetOSVersion 及所需 FFI 在 selfhost 逐项存在。
PB009	Basic/Utils.cpp	134	Windows	134:#ifdef _WIN32	平台块负责选择：#ifdef _WIN32 => typedef NTSTATUS(WINAPI* RtlGetVersionPtr)(PRTL_OSVERSIONINFOW);	packages/basic/src/Utils.cj	YES	COVERED	Windows GetOSVersion 及所需 FFI 在 selfhost 逐项存在。
PB010	CHIR/IR/DebugLocation.cpp	82	Windows	82:#ifdef _WIN32 | 84:#else	平台块负责选择：#ifdef _WIN32 => const std::string dirSeparator = "\\/";; #else => const std::string dirSeparator = "/";	packages/chir/src/DebugLocation.cj	NO	COVERED	selfhost 无分支但同时识别 / 与 \, 对两平台结果等价。
PB011	CHIR/IR/DebugLocation.cpp	96	Windows	96:#ifdef _WIN32 | 98:#else	平台块负责选择：#ifdef _WIN32 => const std::string dirSeparator = "\\/";; #else => const std::string dirSeparator = "/";	packages/chir/src/DebugLocation.cj	NO	COVERED	selfhost 无分支但同时识别 / 与 \, 对两平台结果等价。
PB012	CHIR/Interpreter/BCHIRInterpreter.cpp	170	x86_64,aarch64	170:#if (defined(__x86_64__) || defined(__aarch64__)) | 173:#else	平台块负责选择：#if (defined(__x86_64__) || defined(__aarch64__)) => interpStack.ArgsPush(; #else => interpStack.ArgsPush(	packages/chir/src/BCHIRInterpreter.cj	NO	DIVERGENT	selfhost 将 IntNative/UIntNative 始终按 64 位处理，缺官方 32 位 else 路径。
PB013	CHIR/Interpreter/BCHIRInterpreter.cpp	211	x86_64,aarch64	211:#if (defined(__x86_64__) || defined(__aarch64__)) | 213:#else	平台块负责选择：#if (defined(__x86_64__) || defined(__aarch64__)) => interpStack.ArgsPush(IValUtils::PrimitiveValue<IIntNat>(static_cast<int64_t>(bchir.Get8bytes(valIdx))));; #else => interpStack.ArgsPush(IValUtils::PrimitiveValue<IIntNat>(static_cast<int32_t>(bchir.Get8bytes(valIdx))));	packages/chir/src/BCHIRInterpreter.cj	NO	DIVERGENT	selfhost 将 IntNative/UIntNative 始终按 64 位处理，缺官方 32 位 else 路径。
PB014	CHIR/Interpreter/BCHIRInterpreter.cpp	873	x86_64,aarch64	873:#if (defined(__x86_64__) || defined(__aarch64__)) | 875:#else	平台块负责选择：#if (defined(__x86_64__) || defined(__aarch64__)) => return CastOrRaiseExceptionForInt<T, IIntNat, int64_t>(val, strategy, opIdx);; #else => return CastOrRaiseExceptionForInt<T, IIntNat, int32_t>(val, strategy, opIdx);	packages/chir/src/BCHIRInterpreter.cj	NO	DIVERGENT	selfhost 将 IntNative/UIntNative 始终按 64 位处理，缺官方 32 位 else 路径。
PB015	CHIR/Interpreter/BCHIRInterpreter.cpp	920	x86_64,aarch64	920:#if (defined(__x86_64__) || defined(__aarch64__)) | 922:#else	平台块负责选择：#if (defined(__x86_64__) || defined(__aarch64__)) => return CastOrRaiseExceptionForFloat<T, IIntNat, int64_t>(floatVal, opIdx);; #else => return CastOrRaiseExceptionForFloat<T, IIntNat, int32_t>(floatVal, opIdx);	packages/chir/src/BCHIRInterpreter.cj	NO	DIVERGENT	selfhost 将 IntNative/UIntNative 始终按 64 位处理，缺官方 32 位 else 路径。
PB016	CHIR/Interpreter/BCHIRInterpreter.cpp	1395	x86_64,aarch64	1395:#if (defined(__x86_64__) || defined(__aarch64__)) | 1397:#else	平台块负责选择：#if (defined(__x86_64__) || defined(__aarch64__)) => return BinOpInt<op, IIntNat, int64_t>(strat);; #else => return BinOpInt<op, IIntNat, int32_t>(strat);	packages/chir/src/BCHIRInterpreter.cj	NO	DIVERGENT	selfhost 将 IntNative/UIntNative 始终按 64 位处理，缺官方 32 位 else 路径。
PB017	CHIR/Interpreter/BCHIRIntrinsic.cpp	101	x86_64,aarch64	101:#if defined(__x86_64__) | 104:#elif defined(__aarch64__) | 106:#else	平台块负责选择：#if defined(__x86_64__) => __builtin_cpu_init();; #elif defined(__aarch64__) => simdSUPPORT = 1;; #else => simdSUPPORT = 0;	packages/chir/src/BCHIRInterpreter.cj:347	NO	DIVERGENT	selfhost CJ_CORE_CanUseSIMD 恒返回 true，未做 OS/架构/AVX 探测。
PB018	CHIR/Interpreter/BCHIRIntrinsic.cpp	100	Apple,Linux	100:#if defined(__linux__) || defined(__APPLE__) | 109:#else	平台块负责选择：#if defined(__linux__) || defined(__APPLE__) => __builtin_cpu_init();; #else => simdSUPPORT = 0;	packages/chir/src/BCHIRInterpreter.cj:347	NO	DIVERGENT	selfhost CJ_CORE_CanUseSIMD 恒返回 true，未做 OS/架构/AVX 探测。
PB019	CHIR/Interpreter/Utils.cpp	160	x86_64,aarch64	160:#if (defined(__x86_64__) || defined(__aarch64__)) | 162:#else	平台块负责选择：#if (defined(__x86_64__) || defined(__aarch64__)) => return {IValUtils::PrimitiveValue<IUIntNat>(static_cast<uint64_t>(def.Get8bytes(1)))};; #else => return {IValUtils::PrimitiveValue<IUIntNat>(static_cast<uint32_t>(def.Get8bytes(1)))};	packages/chir/src/InterpreterValueUtils.cj	NO	DIVERGENT	selfhost native integer字节码始终走 64 位值，缺官方 32 位 else 路径。
PB020	CHIR/Interpreter/Utils.cpp	174	x86_64,aarch64	174:#if (defined(__x86_64__) || defined(__aarch64__)) | 176:#else	平台块负责选择：#if (defined(__x86_64__) || defined(__aarch64__)) => return {IValUtils::PrimitiveValue<IIntNat>(static_cast<int64_t>(def.Get8bytes(1)))};; #else => return {IValUtils::PrimitiveValue<IIntNat>(static_cast<int32_t>(def.Get8bytes(1)))};	packages/chir/src/InterpreterValueUtils.cj	NO	DIVERGENT	selfhost native integer字节码始终走 64 位值，缺官方 32 位 else 路径。
PB021	CodeGen/Base/ApplyImpl.cpp	243	Apple	243:#ifdef __APPLE__	平台块负责选择：#ifdef __APPLE__ => const bool onMacMx = !nonAarch64 && (target.os == Triple::OSType::DARWIN || target.os == Triple::OSType::IOS);	packages/codegen/src/ApplyImpl.cj:349	YES	COVERED	macOS/iOS 与非 Apple 两实现均存在，属性复制分支对应。
PB022	CodeGen/CGModule.cpp	94	Apple	94:#ifdef __APPLE__	平台块负责选择：#ifdef __APPLE__ => } else if (options.target.arch == Triple::ArchType::AARCH64 && options.target.os == Triple::OSType::DARWIN) {	packages/codegen/src/CGModule.cj:1170	YES	COVERED	Apple AArch64 C FFI 创建受 host @When 隔离且目标分支完整。
PB023	CodeGen/CJNative/CHIRSplitter.cpp	348	Windows	348:#ifdef _WIN32	平台块负责选择：#ifdef _WIN32 => auto tempPath = StringConvertor::NormalizeStringToUTF8(path);	packages/codegen/src/CHIRSplitter.cj	YES	COVERED	Windows 路径编码正规化在读写缓存两处均存在。
PB024	CodeGen/CJNative/CHIRSplitter.cpp	470	Windows	470:#ifdef _WIN32	平台块负责选择：#ifdef _WIN32 => auto tempPath = StringConvertor::NormalizeStringToUTF8(path);	packages/codegen/src/CHIRSplitter.cj	YES	COVERED	Windows 路径编码正规化在读写缓存两处均存在。
PB025	CodeGen/CJNative/CJNativeCGCFFI.cpp	964	Apple	964:#ifdef __APPLE__	平台块负责选择：#ifdef __APPLE__ => void MacAArch64CJNativeCGCFFI::AddFunctionAttr(const CHIR::FuncType& chirFuncTy, llvm::Function& llvmFunc)	packages/codegen/src/CGCFFI.cj:1036	YES	COVERED	MacAArch64 C ABI 实现仅在 macOS host 可用。
PB026	CodeGen/CJNative/CJNativeCGCFFI.h	220	Apple	220:#ifdef __APPLE__	平台块负责选择：#ifdef __APPLE__ => class MacAArch64CJNativeCGCFFI : public LinuxAarch64CJNativeCGCFFI {	packages/codegen/src/CGCFFI.cj:1036	YES	COVERED	MacAArch64 C ABI 类仅在 macOS host 声明。
PB027	CodeGen/DIBuilder.cpp	29	Windows	29:#ifdef _WIN32 | 38:#else	平台块负责选择：#ifdef _WIN32 => char split = '\\';; #else => char split = '/';	packages/codegen/src/DIBuilder.cj	YES	COVERED	路径前缀分隔符与大小写处理有 Windows/非 Windows 对应实现。
PB028	CodeGen/DIBuilder.cpp	209	Apple	209:#ifndef __APPLE__	平台块负责选择：#ifndef __APPLE__ => static const CHIR::Type* GetOuterTypeOfMemberFunc(const CHIR::Function& func)	packages/codegen/src/DIBuilder.cj	NO	DIVERGENT	selfhost 对 member full-debug scope 明确抛 BLOCKED，Apple 排除分支未忠实落地。
PB029	CodeGen/DIBuilder.cpp	247	Apple	247:#ifndef __APPLE__	平台块负责选择：#ifndef __APPLE__ => bool isMemberFunc = func->GetParentCustomTypeDef() != nullptr;	packages/codegen/src/DIBuilder.cj	NO	DIVERGENT	selfhost 对 member full-debug scope 明确抛 BLOCKED，非 Apple decl/scope 路径缺失。
PB030	CodeGen/IncrementalGen/IncrementalGen.cpp	28	Windows	28:#ifdef _WIN32	平台块负责选择：#ifdef _WIN32 => #include "cangjie/Basic/StringConvertor.h"	-	NO	MISSING	selfhost 无 IncrementalGen::Init 对应实体及其 Windows 编码分支。
PB031	CodeGen/IncrementalGen/IncrementalGen.cpp	102	Windows	102:#ifdef _WIN32 | 106:#else	平台块负责选择：#ifdef _WIN32 => std::optional<std::string> tempPath = StringConvertor::NormalizeStringToUTF8(cachedIRPath);; #else => injectedModule = llvm::parseIRFile(cachedIRPath, err, llvmContext);	-	NO	MISSING	selfhost 无 IncrementalGen::Init 对应实体及其 Windows 编码分支。
PB032	CodeGen/Utils/CGUtils.cpp	260	Windows	260:#ifdef _WIN32 | 264:#else	平台块负责选择：#ifdef _WIN32 => std::optional<std::string> tempPath = StringConvertor::NormalizeStringToUTF8(bcFilePath);; #else => llvm::raw_fd_ostream os(bcFilePath, errorCode);	packages/codegen/src/CHIRSplitter.cj	YES	COVERED	位码写出与 IR dump 的 Windows 路径正规化已在 CHIRSplitter helpers 对应。
PB033	CodeGen/Utils/CGUtils.cpp	532	Windows	532:#ifdef _WIN32	平台块负责选择：#ifdef _WIN32 => std::optional<std::string> tempPath = StringConvertor::NormalizeStringToUTF8(filePath);	packages/codegen/src/CHIRSplitter.cj	YES	COVERED	位码写出与 IR dump 的 Windows 路径正规化已在 CHIRSplitter helpers 对应。
PB034	Driver/Driver.cpp	72	Windows	72:#ifdef _WIN32 | 74:#else	平台块负责选择：#ifdef _WIN32 => ".exe";; #else => "";	packages/driver/src/FrontendBridge.cj:35	NO	COVERED	selfhost 以 HostOS 选择 cjc-frontend.exe，结果等价。
PB035	Driver/Job.cpp	25	Windows	25:#ifdef _WIN32	平台块负责选择：#ifdef _WIN32 => #include "cangjie/Basic/StringConvertor.h"	packages/driver/src/Job.cj	NO	DIVERGENT	selfhost 统一窄字符串错误输出，缺 Windows UTF-16 命令/错误消息路径。
PB036	Driver/Job.cpp	34	Windows	34:#ifdef _WIN32 | 40:#else	平台块负责选择：#ifdef _WIN32 => std::optional<std::wstring> werrCmd = Cangjie::StringConvertor::StringToWString(cmd);; #else => Errorf(	packages/driver/src/Job.cj	NO	DIVERGENT	selfhost 统一窄字符串错误输出，缺 Windows UTF-16 命令/错误消息路径。
PB037	Driver/Job.cpp	117	Windows	117:#ifdef _WIN32 | 127:#else	平台块负责选择：#ifdef _WIN32 => std::optional<std::wstring> wcmdString =; #else => std::string commandString = cmd->GetCommandString();	packages/driver/src/Job.cj	NO	DIVERGENT	selfhost 统一窄字符串错误输出，缺 Windows UTF-16 命令/错误消息路径。
PB038	Driver/TempFileManager.cpp	26	Windows	26:#ifdef _WIN32	平台块负责选择：#ifdef _WIN32 => #include <direct.h>	packages/driver/src/TempFileManager.cj	NO	DIVERGENT	selfhost 用单一路径 std.fs 实现，缺 Windows TMP/字符集/_wmkdir/宽字符删除分支。
PB039	Driver/TempFileManager.cpp	33	Windows	33:#ifdef _WIN32 | 37:#else	平台块负责选择：#ifdef _WIN32 => const std::string TMP_DIR_ENVIRONMENT_KEY = "TMP";; #else => const std::string TMP_DIR_ENVIRONMENT_KEY = "TMPDIR";	packages/driver/src/TempFileManager.cj	NO	DIVERGENT	selfhost 用单一路径 std.fs 实现，缺 Windows TMP/字符集/_wmkdir/宽字符删除分支。
PB040	Driver/TempFileManager.cpp	79	Windows	79:#ifdef _WIN32 | 84:#else	平台块负责选择：#ifdef _WIN32 => if (strerror_s(buf, buffSize, error) != 0) {; #else => auto handleError = [&buf](auto res) -> std::string {	packages/driver/src/TempFileManager.cj	NO	DIVERGENT	selfhost 用单一路径 std.fs 实现，缺 Windows TMP/字符集/_wmkdir/宽字符删除分支。
PB041	Driver/TempFileManager.cpp	140	Windows	140:#ifdef _WIN32 | 147:#else	平台块负责选择：#ifdef _WIN32 => std::optional<std::wstring> tempValue = Cangjie::StringConvertor::StringToWString(path);; #else => if (mkdir(const_cast<char*>(path.c_str()), S_IRWXU | S_IRGRP | S_IXGRP | S_IROTH | S_IXOTH) == 0) {	packages/driver/src/TempFileManager.cj	NO	DIVERGENT	selfhost 用单一路径 std.fs 实现，缺 Windows TMP/字符集/_wmkdir/宽字符删除分支。
PB042	Driver/TempFileManager.cpp	162	Windows	162:#ifdef _WIN32 | 189:#else	平台块负责选择：#ifdef _WIN32 => void RemoveDirRecursively(const std::wstring& dirPath); #else => void RemoveDirRecursively(const std::string& dirPath)	packages/driver/src/TempFileManager.cj	NO	DIVERGENT	selfhost 用单一路径 std.fs 实现，缺 Windows TMP/字符集/_wmkdir/宽字符删除分支。
PB043	Driver/TempFileManager.cpp	438	Windows	438:#ifdef _WIN32 | 454:#else	平台块负责选择：#ifdef _WIN32 => std::string filePath = deletedFiles[i - 1];; #else => const char* filePath = deletedFiles[i - 1].c_str();	packages/driver/src/TempFileManager.cj	NO	DIVERGENT	selfhost 用单一路径 std.fs 实现，缺 Windows TMP/字符集/_wmkdir/宽字符删除分支。
PB044	Driver/TempFileManager.cpp	471	Windows	471:#ifdef _WIN32 | 474:#else	平台块负责选择：#ifdef _WIN32 => (void)DeleteFileA(filePath);; #else => (void)unlink(filePath);	packages/driver/src/TempFileManager.cj	NO	DIVERGENT	selfhost 用单一路径 std.fs 实现，缺 Windows TMP/字符集/_wmkdir/宽字符删除分支。
PB045	Driver/Tool.cpp	15	Windows	15:#ifdef _WIN32 | 18:#else	平台块负责选择：#ifdef _WIN32 => #include <windows.h>; #else => #include <spawn.h>	packages/driver/src/Tool.cj	YES	COVERED	命令引用、动态库环境变量与非 Windows spawn 分支有对应实现。
PB046	Driver/Tool.cpp	30	Windows	30:#ifdef _WIN32	平台块负责选择：#ifdef _WIN32 => #include "cangjie/Basic/StringConvertor.h"	packages/driver/src/Tool.cj	YES	COVERED	命令引用、动态库环境变量与非 Windows spawn 分支有对应实现。
PB047	Driver/Tool.cpp	36	Windows	36:#ifdef _WIN32	平台块负责选择：#ifdef _WIN32 => std::string WriteArgsToResponseFile(const std::vector<std::string>& arguments)	packages/driver/src/Tool.cj	NO	MISSING	selfhost 无 Windows 超长命令响应文件 WriteArgsToResponseFile。
PB048	Driver/Tool.cpp	65	Windows	65:#ifdef _WIN32 | 98:#else	平台块负责选择：#ifdef _WIN32 => std::string GetSystemErrorMessage(DWORD errCode); #else => std::string GetSystemErrorMessage(int error)	packages/driver/src/Tool.cj	NO	MISSING	selfhost 无 Windows FormatMessageW 系统错误文本实现。
PB049	Driver/Tool.cpp	119	Windows,Apple	119:#ifdef __APPLE__ | 122:#elif !defined(_WIN32)	平台块负责选择：#ifdef __APPLE__ => const static std::string LD_LIBRARY_PATH = "DYLD_LIBRARY_PATH";; #elif !defined(_WIN32) => const static std::string LD_LIBRARY_PATH = "LD_LIBRARY_PATH";	packages/driver/src/Tool.cj	YES	COVERED	命令引用、动态库环境变量与非 Windows spawn 分支有对应实现。
PB050	Driver/Tool.cpp	143	Windows	143:#ifdef _WIN32 | 145:#else	平台块负责选择：#ifdef _WIN32 => argStr = argStr + FileUtil::GetQuoted(s) + " ";; #else => argStr = argStr + GetSingleQuoted(s) + " ";	packages/driver/src/Tool.cj	YES	COVERED	命令引用、动态库环境变量与非 Windows spawn 分支有对应实现。
PB051	Driver/Tool.cpp	149	Windows	149:#ifndef _WIN32	平台块负责选择：#ifndef _WIN32 => if (!GetLdLibraryPath().empty()) {	packages/driver/src/Tool.cj	YES	COVERED	命令引用、动态库环境变量与非 Windows spawn 分支有对应实现。
PB052	Driver/Tool.cpp	155	Windows	155:#ifdef _WIN32 | 157:#else	平台块负责选择：#ifdef _WIN32 => tempCommand += FileUtil::GetQuoted(name);; #else => tempCommand += GetSingleQuoted(name);	packages/driver/src/Tool.cj	YES	COVERED	命令引用、动态库环境变量与非 Windows spawn 分支有对应实现。
PB053	Driver/Tool.cpp	161	Windows	161:#ifdef _WIN32 | 165:#else	平台块负责选择：#ifdef _WIN32 => return "\"" + tempCommand + "\"";; #else => return tempCommand;	packages/driver/src/Tool.cj	YES	COVERED	命令引用、动态库环境变量与非 Windows spawn 分支有对应实现。
PB054	Driver/Tool.cpp	182	Windows	182:#ifdef _WIN32	平台块负责选择：#ifdef _WIN32 => FileUtil::HideFile(FileUtil::GetDirPath(arguments[2]));	packages/driver/src/Tool.cj	YES	COVERED	命令引用、动态库环境变量与非 Windows spawn 分支有对应实现。
PB055	Driver/Tool.cpp	202	Windows	202:#ifdef _WIN32 | 254:#else	平台块负责选择：#ifdef _WIN32 => std::unique_ptr<ToolFuture> Tool::Run() const; #else => std::unique_ptr<ToolFuture> Tool::Run() const	packages/driver/src/Tool.cj	NO	DIVERGENT	selfhost Windows 走 std.process.execute，缺 CreateProcess、环境块、响应文件和句柄 future。
PB056	Driver/ToolFuture.cpp	30	Windows	30:#ifdef _WIN32 | 46:#else	平台块负责选择：#ifdef _WIN32 => ToolFuture::State WindowsProcessFuture::GetState(); #else => ToolFuture::State LinuxProcessFuture::GetState()	packages/driver/src/ToolFuture.cj	NO	DIVERGENT	selfhost ProcessFuture 只保存同步退出码，缺 Windows 进程句柄状态轮询。
PB057	Driver/Utils.cpp	42	Windows	42:#ifdef _WIN32 | 44:#else	平台块负责选择：#ifdef _WIN32 => return FileUtil::GetQuoted(arg);; #else => return GetSingleQuoted(arg);	packages/driver/src/Utils.cj:57	YES	COVERED	Windows 双引号与非 Windows 单引号分支对应。
PB058	Frontend/CompileStrategy.cpp	239	Windows,Unix	239:#if (defined __unix__) | 243:#elif defined(_WIN32)	平台块负责选择：#if (defined __unix__) => Cangjie::CreateAltSignalStack();; #elif defined(_WIN32) => Cangjie::RegisterCrashSignalHandler();	packages/frontend/src/CompileStrategy.cj	NO	MISSING	selfhost 并行编译 worker 未注册每线程 Windows crash signal handler。
PB059	Frontend/CompilerInstance.cpp	344	Windows,Apple,Linux	344:#ifdef _WIN32 | 346:#elif defined(__linux__) || defined(__APPLE__)	平台块负责选择：#ifdef _WIN32 => handle = InvokeRuntime::OpenSymbolTable(path);; #elif defined(__linux__) || defined(__APPLE__) => handle = InvokeRuntime::OpenSymbolTable(path, RTLD_NOW | RTLD_LOCAL);	packages/meta_transformation/src/NativeMetaTransformPlugin.cj	YES	COVERED	native plugin 的 LoadLibrary 与 dlopen 分支均存在。
PB060	Frontend/CompilerInvocation.cpp	40	Windows,Apple	40:#ifdef _WIN64 | 42:#elif defined(__APPLE__)	平台块负责选择：#ifdef _WIN64 => runtimeLib = "libcangjie-runtime.dll";; #elif defined(__APPLE__) => runtimeLib = "libcangjie-runtime.dylib";	packages/frontend/src/CompilerInvocation.cj:30	YES	COVERED	runtime 动态库后缀覆盖 Windows/macOS/其他。
PB061	FrontendTool/IncrementalCompilerInstance.cpp	105	Windows	105:#ifdef _WIN32 | 109:#else	平台块负责选择：#ifdef _WIN32 => auto tempPath = StringConvertor::NormalizeStringToUTF8(cachedCodeGenPath);; #else => auto module = llvm::parseIRFile(cachedCodeGenPath, err, context);	-	NO	MISSING	selfhost 无 GetCachedSplitNum 对应实体及 Windows 路径正规化。
PB062	Lex/Lexer.cpp	185	Windows	185:#ifdef _WIN32 | 187:#else	平台块负责选择：#ifdef _WIN32 => input = "\"\"\"\r\n" + ProcessQuotaMarks(t.Value()) + "\"\"\"";; #else => input = "\"\"\"\n" + ProcessQuotaMarks(t.Value()) + "\"\"\"";	packages/lex/src/LexerImpl.cj:422	YES	COVERED	重建多行字符串时 Windows CRLF 与非 Windows LF 两分支对应。
PB063	Macro/InvokeUtil.cpp	9	Windows	9:#ifdef _WIN32	平台块负责选择：#ifdef _WIN32 => #include <windows.h>	packages/macro/src/InvokeUtil.cj	YES	COVERED	LoadLibrary/GetProcAddress/FreeLibrary 与 dlopen/dlsym/dlclose 两套分支对应。
PB064	Macro/InvokeUtil.cpp	17	Windows,Apple,Linux	17:#ifdef _WIN32 | 28:#elif defined(__linux__) || defined(__APPLE__)	平台块负责选择：#ifdef _WIN32 => HANDLE InvokeRuntime::OpenSymbolTable(const std::string& libPath); #elif defined(__linux__) || defined(__APPLE__) => HANDLE InvokeRuntime::OpenSymbolTable(const std::string& libPath, int dlopenMode)	packages/macro/src/InvokeUtil.cj	YES	COVERED	LoadLibrary/GetProcAddress/FreeLibrary 与 dlopen/dlsym/dlclose 两套分支对应。
PB065	Macro/InvokeUtil.cpp	50	Windows,Apple,Linux	50:#ifdef _WIN32 | 52:#elif defined(__linux__) || defined(__APPLE__) | 54:#else	平台块负责选择：#ifdef _WIN32 => return (HANDLE)GetProcAddress((HMODULE)handle, name);; #elif defined(__linux__) || defined(__APPLE__) => return dlsym(handle, name);; #else => CJC_ASSERT(false);	packages/macro/src/InvokeUtil.cj	YES	COVERED	LoadLibrary/GetProcAddress/FreeLibrary 与 dlopen/dlsym/dlclose 两套分支对应。
PB066	Macro/InvokeUtil.cpp	63	Windows,Apple,Linux	63:#ifdef _WIN32 | 67:#elif defined(__linux__) || defined(__APPLE__)	平台块负责选择：#ifdef _WIN32 => if (FreeLibrary(reinterpret_cast<HMODULE>(handle))) {; #elif defined(__linux__) || defined(__APPLE__) => retCode = dlclose(handle);	packages/macro/src/InvokeUtil.cj	YES	COVERED	LoadLibrary/GetProcAddress/FreeLibrary 与 dlopen/dlsym/dlclose 两套分支对应。
PB067	Macro/InvokeUtil.cpp	107	OHOS	107:#if defined(CANGJIE_CODEGEN_CJNATIVE_BACKEND) && !defined(__ohos__)	平台块负责选择：#if defined(CANGJIE_CODEGEN_CJNATIVE_BACKEND) && !defined(__ohos__) => InvokeRuntime::CloseSymbolTable(handle);	packages/macro/src/InvokeUtil.cj	NO	DIVERGENT	selfhost CloseRuntime 在 OHOS 也关闭动态库，缺官方 !__ohos__ 条件。
PB068	Macro/InvokeUtil.cpp	112	OHOS	112:#if defined(CANGJIE_CODEGEN_CJNATIVE_BACKEND) && !defined(__ohos__)	平台块负责选择：#if defined(CANGJIE_CODEGEN_CJNATIVE_BACKEND) && !defined(__ohos__) => CloseMacroDynamicLibrary();	packages/macro/src/InvokeUtil.cj	NO	DIVERGENT	selfhost CloseRuntime 在 OHOS 也调用 CloseMacroDynamicLibrary，缺官方 !__ohos__ 条件。
PB069	Macro/InvokeUtilCJNative.cpp	27	Windows	27:#ifdef _WIN32 | 31:#else	平台块负责选择：#ifdef _WIN32 => const static std::string G_CJHEAPSIZE = "CJHEAPSIZE";; #else => const static std::string G_CJHEAPSIZE = "cjHeapSize";	packages/macro/src/InvokeUtil.cj:110	YES	COVERED	Windows 环境变量键大写与非 Windows 驼峰键对应。
PB070	Macro/MacroCommon.cpp	27	Windows,Apple,Linux	27:#ifdef _WIN32 | 31:#elif defined(__linux__) || defined(__APPLE__)	平台块负责选择：#ifdef _WIN32 => #include <direct.h>; #elif defined(__linux__) || defined(__APPLE__) => #include <sys/stat.h>	packages/macro/src/MacroCommon.cj:13	YES	COVERED	相关平台头文件能力由 LIB_SUFFIX 与 InvokeUtil 的 @When 分支承接。
PB071	Macro/MacroEvaluationClient.cpp	16	OHOS	16:#ifdef __ohos__ | 18:#else	平台块负责选择：#ifdef __ohos__ => #include <signal.h>; #else => #include <sys/signal.h>	packages/macro/src/InvokeUtil.cj:450	NO	DIVERGENT	selfhost 用进程内队列替代 Win named pipe/POSIX pipe、fork、wait 与 Linux prctl。
PB072	Macro/MacroEvaluationClient.cpp	15	Apple,Linux	15:#if defined(__linux__) || defined(__APPLE__) | 23:#else	平台块负责选择：#if defined(__linux__) || defined(__APPLE__) => #include <signal.h>; #else => #include <windows.h>	packages/macro/src/InvokeUtil.cj:450	NO	DIVERGENT	selfhost 用进程内队列替代 Win named pipe/POSIX pipe、fork、wait 与 Linux prctl。
PB073	Macro/MacroEvaluationClient.cpp	27	Linux	27:#ifdef __linux__	平台块负责选择：#ifdef __linux__ => #include <sys/prctl.h>	packages/macro/src/InvokeUtil.cj:450	NO	DIVERGENT	selfhost 用进程内队列替代 Win named pipe/POSIX pipe、fork、wait 与 Linux prctl。
PB074	Macro/MacroEvaluationClient.cpp	43	Windows	43:#ifndef _WIN32	平台块负责选择：#ifndef _WIN32 => void SignalHandler(int)	packages/macro/src/InvokeUtil.cj:450	NO	DIVERGENT	selfhost 用进程内队列替代 Win named pipe/POSIX pipe、fork、wait 与 Linux prctl。
PB075	Macro/MacroEvaluationClient.cpp	75	Windows	75:#ifdef _WIN32 | 81:#else	平台块负责选择：#ifdef _WIN32 => void MacroProcMsger::SetSrvPipeHandle(HANDLE hRead, HANDLE hWrite); #else => void MacroProcMsger::SetSrvPipeHandle(int hRead, int hWrite)	packages/macro/src/InvokeUtil.cj:450	NO	DIVERGENT	selfhost 用进程内队列替代 Win named pipe/POSIX pipe、fork、wait 与 Linux prctl。
PB076	Macro/MacroEvaluationClient.cpp	91	Windows	91:#ifdef _WIN32 | 120:#else	平台块负责选择：#ifdef _WIN32 => if (hParentRead != nullptr) {; #else => if (pipefdP2C[1] != -1) {	packages/macro/src/InvokeUtil.cj:450	NO	DIVERGENT	selfhost 用进程内队列替代 Win named pipe/POSIX pipe、fork、wait 与 Linux prctl。
PB077	Macro/MacroEvaluationClient.cpp	160	Windows	160:#ifdef _WIN32 | 162:#else	平台块负责选择：#ifdef _WIN32 => return WriteFile(hParentWrite, buf, static_cast<DWORD>(size), nullptr, 0) == TRUE;; #else => ssize_t res = write(pipefdP2C[1], buf, size);	packages/macro/src/InvokeUtil.cj:450	NO	DIVERGENT	selfhost 用进程内队列替代 Win named pipe/POSIX pipe、fork、wait 与 Linux prctl。
PB078	Macro/MacroEvaluationClient.cpp	175	Windows	175:#ifdef _WIN32 | 177:#else	平台块负责选择：#ifdef _WIN32 => return ReadFile(hParentRead, buf, static_cast<DWORD>(size), nullptr, nullptr) == TRUE;; #else => ssize_t res = read(pipefdC2P[0], buf, size);	packages/macro/src/InvokeUtil.cj:450	NO	DIVERGENT	selfhost 用进程内队列替代 Win named pipe/POSIX pipe、fork、wait 与 Linux prctl。
PB079	Macro/MacroEvaluationClient.cpp	258	Windows	258:#ifdef _WIN32 | 268:#else	平台块负责选择：#ifdef _WIN32 => DWORD totalBytesAvail;; #else => fd_set readset;	packages/macro/src/InvokeUtil.cj:450	NO	DIVERGENT	selfhost 用进程内队列替代 Win named pipe/POSIX pipe、fork、wait 与 Linux prctl。
PB080	Macro/MacroEvaluationClient.cpp	549	Linux	549:#ifdef __linux__	平台块负责选择：#ifdef __linux__ => if (prctl(PR_SET_PDEATHSIG, SIGHUP) == -1) {	packages/macro/src/InvokeUtil.cj:450	NO	DIVERGENT	selfhost 用进程内队列替代 Win named pipe/POSIX pipe、fork、wait 与 Linux prctl。
PB081	Macro/MacroEvaluationClient.cpp	471	Apple,Linux	471:#if defined(__linux__) || defined(__APPLE__) | 570:#else	平台块负责选择：#if defined(__linux__) || defined(__APPLE__) => namespace {; #else => void WaitProcessExit(PROCESS_INFORMATION pi)	packages/macro/src/InvokeUtil.cj:450	NO	DIVERGENT	selfhost 用进程内队列替代 Win named pipe/POSIX pipe、fork、wait 与 Linux prctl。
PB082	Macro/MacroEvaluationSrv.cpp	14	Apple,Linux	14:#if defined (__linux__) || defined(__APPLE__)	平台块负责选择：#if defined (__linux__) || defined(__APPLE__) => #include <sys/wait.h>	packages/macro/src/MacroEvaluationSrv.cj:81	NO	DIVERGENT	selfhost server 为进程内循环，未保留 Win/POSIX pipe 与 Linux rename/prctl 分支。
PB083	Macro/MacroEvaluationSrv.cpp	20	Linux	20:#ifdef __linux__	平台块负责选择：#ifdef __linux__ => #include <sys/prctl.h>	packages/macro/src/MacroEvaluationSrv.cj:81	NO	DIVERGENT	selfhost server 为进程内循环，未保留 Win/POSIX pipe 与 Linux rename/prctl 分支。
PB084	Macro/MacroEvaluationSrv.cpp	60	Windows	60:#ifdef _WIN32 | 63:#else	平台块负责选择：#ifdef _WIN32 => return WriteFile(hChildWrite, buf, static_cast<DWORD>(size), nullptr, nullptr) == TRUE;; #else => ssize_t res = write(pipefdC2P[1], buf, size);	packages/macro/src/MacroEvaluationSrv.cj:81	NO	DIVERGENT	selfhost server 为进程内循环，未保留 Win/POSIX pipe 与 Linux rename/prctl 分支。
PB085	Macro/MacroEvaluationSrv.cpp	75	Windows	75:#ifdef _WIN32 | 77:#else	平台块负责选择：#ifdef _WIN32 => return ReadFile(hChildRead, buf, static_cast<DWORD>(size), nullptr, nullptr) == TRUE;; #else => ssize_t res = read(pipefdP2C[0], buf, size);	packages/macro/src/MacroEvaluationSrv.cj:81	NO	DIVERGENT	selfhost server 为进程内循环，未保留 Win/POSIX pipe 与 Linux rename/prctl 分支。
PB086	Macro/MacroEvaluationSrv.cpp	138	Linux	138:#ifdef __linux__	平台块负责选择：#ifdef __linux__ => namespace {	packages/macro/src/MacroEvaluationSrv.cj:81	NO	DIVERGENT	selfhost server 为进程内循环，未保留 Win/POSIX pipe 与 Linux rename/prctl 分支。
PB087	Macro/MacroEvaluationSrv.cpp	160	Linux	160:#ifdef __linux__	平台块负责选择：#ifdef __linux__ => RenameSrvProcess();	packages/macro/src/MacroEvaluationSrv.cj:81	NO	DIVERGENT	selfhost server 为进程内循环，未保留 Win/POSIX pipe 与 Linux rename/prctl 分支。
PB088	Macro/MacroEvaluationSrv.cpp	156	Apple,Linux	156:#if defined(__linux__) || defined(__APPLE__)	平台块负责选择：#if defined(__linux__) || defined(__APPLE__) => void MacroEvaluation::RunMacroSrv()	packages/macro/src/MacroEvaluationSrv.cj:81	NO	DIVERGENT	selfhost server 为进程内循环，未保留 Win/POSIX pipe 与 Linux rename/prctl 分支。
PB089	Option/Option.cpp	30	Windows	30:#ifdef _WIN32	平台块负责选择：#ifdef _WIN32 => #include <windows.h>	packages/option/src/Option.cj	YES	COVERED	输出名长度和动态库后缀在 selfhost 按 host/target 平台选择。
PB090	Option/Option.cpp	47	Windows,Apple	47:#ifdef _WIN32 | 49:#elif defined(__APPLE__) | 51:#else	平台块负责选择：#ifdef _WIN32 => const std::string DL_EXTENSION = "dll";; #elif defined(__APPLE__) => const std::string DL_EXTENSION = "dylib";; #else => const std::string DL_EXTENSION = "so";	packages/option/src/Option.cj	YES	COVERED	输出名长度和动态库后缀在 selfhost 按 host/target 平台选择。
PB091	Option/Option.cpp	367	Windows	367:#ifdef _WIN32 | 370:#else	平台块负责选择：#ifdef _WIN32 => size_t defaultOutputNameLen = 8;; #else => size_t defaultOutputNameLen = 4;	packages/option/src/Option.cj	YES	COVERED	输出名长度和动态库后缀在 selfhost 按 host/target 平台选择。
PB092	Option/OptionAction.cpp	711	Windows	711:#ifdef _WIN32 | 713:#else	平台块负责选择：#ifdef _WIN32 => tmpPath = tmpPath[tmpPath.size() - 1] == '\\' ? tmpPath : tmpPath + "\\";; #else => tmpPath = tmpPath[tmpPath.size() - 1] == '/' ? tmpPath : tmpPath + "/";	packages/option/src/OptionAction.cj:181	NO	DIVERGENT	selfhost --trimpath 始终追加 /，缺 Windows \ 分支。
PB093	Parse/ASTHasher.cpp	112	Windows	112:#ifdef _WIN32 | 114:#else	平台块负责选择：#ifdef _WIN32 => pkgName += "\\";; #else => pkgName += "/";	packages/parse/src/ASTHasher.cj:57	YES	COVERED	裁剪包名前缀时 Windows \ 与非 Windows / 分支对应。
PB094	Utils/FileUtil.cpp	31	Windows,Apple,Linux	31:#ifdef _WIN32 | 41:#elif defined(__linux__) || defined(__APPLE__)	平台块负责选择：#ifdef _WIN32 => #include "cangjie/Basic/StringConvertor.h"; #elif defined(__linux__) || defined(__APPLE__) => #include <dirent.h>	packages/utils/src/FileUtil.cj	YES	COVERED	对应 FileUtil 平台分支存在或由结果等价的 branchless std.fs 实现覆盖。
PB095	Utils/FileUtil.cpp	54	ARM32	54:#ifdef __arm__ | 57:#else	平台块负责选择：#ifdef __arm__ => const size_t FILE_LEN_LIMIT = 2ULL * 1024 * 1024 * 1024; // 2 GB for arm32; #else => const size_t FILE_LEN_LIMIT = 4ULL * 1024 * 1024 * 1024; // 4 GB	packages/utils/src/FileUtil.cj	NO	DIVERGENT	selfhost 文件长度上限固定 4 GB，缺 ARM32 官方 2 GB 分支。
PB096	Utils/FileUtil.cpp	61	Windows	61:#ifdef _WIN32 | 66:#else	平台块负责选择：#ifdef _WIN32 => inline int Mkdir(const std::string& path); #else => inline int Mkdir(const std::string& path)	packages/utils/src/FileUtil.cj	NO	DIVERGENT	selfhost CreateDirs 统一用 std.fs，未镜像 _mkdir 与 POSIX mkdir(0755) 分支。
PB097	Utils/FileUtil.cpp	132	Windows	132:#ifdef _WIN32 | 205:#else	平台块负责选择：#ifdef _WIN32 => bool RemoveDirRecursivelyInternal(const std::wstring& dirPath); #else => bool RemoveDirRecursively(const std::string& dirPath)	packages/utils/src/FileUtil.cj	NO	DIVERGENT	selfhost 统一用 std.fs 递归删除，未镜像 Windows 宽字符/reparse 与 POSIX lstat 分支。
PB098	Utils/FileUtil.cpp	248	Windows	248:#ifdef _WIN32 | 250:#else	平台块负责选择：#ifdef _WIN32 => return c == BACKSLASH || c == SLASH;; #else => return c == SLASH;	packages/utils/src/FileUtil.cj	YES	COVERED	对应 FileUtil 平台分支存在或由结果等价的 branchless std.fs 实现覆盖。
PB099	Utils/FileUtil.cpp	278	Windows	278:#ifdef _WIN32 | 280:#else	平台块负责选择：#ifdef _WIN32 => return s;; #else => std::string ret = s;	packages/utils/src/FileUtil.cj	YES	COVERED	对应 FileUtil 平台分支存在或由结果等价的 branchless std.fs 实现覆盖。
PB100	Utils/FileUtil.cpp	413	Windows	413:#ifdef _WIN32 | 415:#else	平台块负责选择：#ifdef _WIN32 => const char slash = toUnix ? SLASH : BACKSLASH;; #else => (void)toUnix;	packages/utils/src/FileUtil.cj	YES	COVERED	对应 FileUtil 平台分支存在或由结果等价的 branchless std.fs 实现覆盖。
PB101	Utils/FileUtil.cpp	440	Windows	440:#ifdef _WIN32 | 448:#else	平台块负责选择：#ifdef _WIN32 => DWORD dwAttr = GetFileAttributesA(filePath.c_str());; #else => if (AccessWithResult(filePath, FM_READ) == AccessResultType::NO_PERMISSION) {	packages/utils/src/FileUtil.cj	YES	COVERED	对应 FileUtil 平台分支存在或由结果等价的 branchless std.fs 实现覆盖。
PB102	Utils/FileUtil.cpp	473	Windows	473:#ifdef _WIN32 | 483:#else	平台块负责选择：#ifdef _WIN32 => if (filePath.size() < 3) {; #else => return filePath.find_first_of(DIR_SEPARATOR) == 0;	packages/utils/src/FileUtil.cj	YES	COVERED	对应 FileUtil 平台分支存在或由结果等价的 branchless std.fs 实现覆盖。
PB103	Utils/FileUtil.cpp	490	Windows	490:#ifdef _WIN32 | 500:#else	平台块负责选择：#ifdef _WIN32 => DWORD dwAttr = GetFileAttributesA(itemPath.c_str());; #else => struct stat statBuf;	packages/utils/src/FileUtil.cj	YES	COVERED	对应 FileUtil 平台分支存在或由结果等价的 branchless std.fs 实现覆盖。
PB104	Utils/FileUtil.cpp	517	Windows	517:#ifdef _WIN32 | 540:#else	平台块负责选择：#ifdef _WIN32 => DWORD attr = GetFileAttributesA(dirPath.c_str());; #else => struct stat st {};	packages/utils/src/FileUtil.cj	NO	DIVERGENT	selfhost 统一用 std.fs 删除，未镜像 Windows reparse-point 宽字符路径。
PB105	Utils/FileUtil.cpp	708	Windows	708:#ifdef _WIN32	平台块负责选择：#ifdef _WIN32 => char resolvedPath[PATH_MAX] = {0};	packages/utils/src/FileUtil.cj	YES	COVERED	对应 FileUtil 平台分支存在或由结果等价的 branchless std.fs 实现覆盖。
PB106	Utils/FileUtil.cpp	725	Windows	725:#ifdef _WIN32 | 733:#else	平台块负责选择：#ifdef _WIN32 => int retval = GetFullPathNameA(path.c_str(), PATH_MAX, resolvedPath, NULL);; #else => if (!realpath(path.c_str(), resolvedPath)) {	packages/utils/src/FileUtil.cj	YES	COVERED	对应 FileUtil 平台分支存在或由结果等价的 branchless std.fs 实现覆盖。
PB107	Utils/FileUtil.cpp	754	Windows	754:#ifdef _WIN32	平台块负责选择：#ifdef _WIN32 => if (lastDelimPos == 0 && !IsSlash(path[0])) {	packages/utils/src/FileUtil.cj	YES	COVERED	对应 FileUtil 平台分支存在或由结果等价的 branchless std.fs 实现覆盖。
PB108	Utils/FileUtil.cpp	792	Windows	792:#ifdef _WIN32 | 794:#else	平台块负责选择：#ifdef _WIN32 => GetAllDirsUnderCurrentPath(root, allDirs);; #else => std::queue<std::string> pathQueue;	packages/utils/src/FileUtil.cj	YES	COVERED	对应 FileUtil 平台分支存在或由结果等价的 branchless std.fs 实现覆盖。
PB109	Utils/FileUtil.cpp	825	Windows	825:#ifdef _WIN32 | 829:#else	平台块负责选择：#ifdef _WIN32 => struct __stat64 statBuf;; #else => struct stat statBuf;	packages/utils/src/FileUtil.cj	YES	COVERED	对应 FileUtil 平台分支存在或由结果等价的 branchless std.fs 实现覆盖。
PB110	Utils/FileUtil.cpp	851	Windows	851:#ifdef _WIN32 | 911:#else	平台块负责选择：#ifdef _WIN32 => void GetAllDirsUnderCurrentPath(const std::string& dir, std::vector<std::string>& allFiles); #else => std::vector<std::string> GetAllFilesUnderCurrentPath(	packages/utils/src/FileUtil.cj	YES	COVERED	对应 FileUtil 平台分支存在或由结果等价的 branchless std.fs 实现覆盖。
PB111	Utils/FileUtil.cpp	1145	Windows	1145:#ifdef _WIN32 | 1147:#else	平台块负责选择：#ifdef _WIN32 => return Access(path, mode) ? AccessResultType::OK : AccessResultType::FAILED_WITH_UNKNOWN_REASON;; #else => if (access(path.c_str(), static_cast<int>(mode)) == 0) {	packages/utils/src/FileUtil.cj	YES	COVERED	对应 FileUtil 平台分支存在或由结果等价的 branchless std.fs 实现覆盖。
PB112	Utils/FileUtil.cpp	1162	Windows	1162:#ifdef _WIN32 | 1164:#else	平台块负责选择：#ifdef _WIN32 => return _access(path.c_str(), static_cast<int>(mode)) == 0;; #else => return access(path.c_str(), static_cast<int>(mode)) == 0;	packages/utils/src/FileUtil.cj	YES	COVERED	对应 FileUtil 平台分支存在或由结果等价的 branchless std.fs 实现覆盖。
PB113	Utils/FileUtil.cpp	1171	Windows,Apple,Linux	1171:#if defined(_WIN32) | 1195:#elif defined(__APPLE__) || defined(__linux__) // On WSL case, we need to consider case sensitivity. | 1218:#else	平台块负责选择：#if defined(_WIN32) => if (!Access(path, FM_EXIST)) {; #elif defined(__APPLE__) || defined(__linux__) // On WSL case, we need to consider case sensitivity. => if (!Access(path, FM_EXIST)) {; #else => return Access(path, FM_EXIST);	packages/utils/src/FileUtil.cj	YES	COVERED	对应 FileUtil 平台分支存在或由结果等价的 branchless std.fs 实现覆盖。
PB114	Utils/FileUtil.cpp	1279	Windows,Apple,Linux	1279:#ifdef _WIN32 | 1281:#elif defined(__linux__) || defined(__APPLE__)	平台块负责选择：#ifdef _WIN32 => if (!Utils::In(tmpDirPath[i], {BACKSLASH, SLASH})) {; #elif defined(__linux__) || defined(__APPLE__) => if (tmpDirPath[i] != SLASH) {	packages/utils/src/FileUtil.cj	YES	COVERED	对应 FileUtil 平台分支存在或由结果等价的 branchless std.fs 实现覆盖。
PB115	Utils/FileUtil.cpp	1323	Windows	1323:#ifdef _WIN32 | 1325:#else	平台块负责选择：#ifdef _WIN32 => const std::string separator = ";";; #else => const std::string separator = ":";	packages/utils/src/FileUtil.cj	YES	COVERED	对应 FileUtil 平台分支存在或由结果等价的 branchless std.fs 实现覆盖。
PB116	Utils/FileUtil.cpp	1345	Windows	1345:#ifdef _WIN32 | 1357:#else	平台块负责选择：#ifdef _WIN32 => std::optional<std::wstring> tempPath = StringConvertor::StringToWString(path);; #else => return access(path.c_str(), W_OK) == 0;	packages/utils/src/FileUtil.cj	YES	COVERED	对应 FileUtil 平台分支存在或由结果等价的 branchless std.fs 实现覆盖。
PB117	Utils/FileUtil.cpp	1365	Windows	1365:#ifdef _WIN32 | 1374:#else	平台块负责选择：#ifdef _WIN32 => char split = '\\';; #else => char split = '/';	packages/utils/src/FileUtil.cj	YES	COVERED	对应 FileUtil 平台分支存在或由结果等价的 branchless std.fs 实现覆盖。
PB118	Utils/FileUtil.cpp	1394	Windows	1394:#ifdef _WIN32	平台块负责选择：#ifdef _WIN32 => void HideFile(const std::string& path)	packages/utils/src/FileUtil.cj	YES	COVERED	对应 FileUtil 平台分支存在或由结果等价的 branchless std.fs 实现覆盖。
PB119	Utils/SignalUtil.cpp	91	Windows	91:#if defined(_WIN32)	平台块负责选择：#if defined(_WIN32) => void AsyncSigSafePutHex(uint64_t num)	packages/utils/src/Signal.cj	NO	MISSING	selfhost 无 Windows PrintCrashBacktrace/RVA 输出及同步信号处理调用。
PB120	Utils/SignalUtil.cpp	174	Windows	174:#if defined(_WIN32)	平台块负责选择：#if defined(_WIN32) => PrintCrashBacktrace();	packages/utils/src/Signal.cj	NO	MISSING	selfhost 无 Windows PrintCrashBacktrace/RVA 输出及同步信号处理调用。
PB121	Utils/UserMemoryUsage.cpp	15	Windows,MinGW	15:#if defined(_WIN32) && defined(__MINGW64__)	平台块负责选择：#if defined(_WIN32) && defined(__MINGW64__) => #include <windows.h>	packages/utils/src/UserMemoryUsage.cj:105	NO	DIVERGENT	selfhost Sampling 在所有平台固定读取 /proc/self/statm。
PB122	Utils/UserMemoryUsage.cpp	19	Apple	19:#ifdef __APPLE__	平台块负责选择：#ifdef __APPLE__ => #include <mach/task.h>	packages/utils/src/UserMemoryUsage.cj:105	NO	DIVERGENT	selfhost Sampling 在所有平台固定读取 /proc/self/statm。
PB123	Utils/UserMemoryUsage.cpp	26	Linux	26:#if defined(__linux__)	平台块负责选择：#if defined(__linux__) => static const int PAGE_SIZE = 4;	packages/utils/src/UserMemoryUsage.cj:105	NO	DIVERGENT	selfhost Sampling 在所有平台固定读取 /proc/self/statm。
PB124	Utils/UserMemoryUsage.cpp	96	Windows,Apple,Linux,MinGW	96:#ifdef __linux__ | 103:#elif defined(_WIN32) && defined(__MINGW64__) | 119:#elif defined(__APPLE__) | 128:#else	平台块负责选择：#ifdef __linux__ => std::ifstream mem("/proc/self/statm");; #elif defined(_WIN32) && defined(__MINGW64__) => HANDLE hProcess;; #elif defined(__APPLE__) => task_basic_info_data_t info;; #else => CJC_ASSERT(false && "Not support for current platform.");	packages/utils/src/UserMemoryUsage.cj:105	NO	DIVERGENT	selfhost Sampling 在所有平台固定读取 /proc/self/statm。
PB125	Utils/UserTimer.cpp	50	Apple,MinGW,OHOS	50:#if defined(__APPLE__) || defined(__MINGW64__) || defined(__ohos__) | 52:#else	平台块负责选择：#if defined(__APPLE__) || defined(__MINGW64__) || defined(__ohos__) => (*infoIt).start = std::chrono::system_clock::now();; #else => (*infoIt).start = std::chrono::high_resolution_clock::now();	packages/utils/src/UserTimer.cj	YES	COVERED	时钟选择与 Windows 无 ANSI 输出分支对应。
PB126	Utils/UserTimer.cpp	66	Apple,MinGW,OHOS	66:#if defined(__APPLE__) || defined(__MINGW64__) || defined(__ohos__) | 68:#else	平台块负责选择：#if defined(__APPLE__) || defined(__MINGW64__) || defined(__ohos__) => (*infoIt).end = std::chrono::system_clock::now();; #else => (*infoIt).end = std::chrono::high_resolution_clock::now();	packages/utils/src/UserTimer.cj	YES	COVERED	时钟选择与 Windows 无 ANSI 输出分支对应。
PB127	Utils/UserTimer.cpp	83	Windows	83:#ifdef _WIN32 | 85:#else	平台块负责选择：#ifdef _WIN32 => printf("[ %s ] only has beginning time, does not have ending time\n", info.title.c_str());; #else => printf("[ \033[31;1m%s\033[0m ] only has beginning time, does not have ending time\n", info.title.c_str());	packages/utils/src/UserTimer.cj	YES	COVERED	时钟选择与 Windows 无 ANSI 输出分支对应。
PB128	Utils/UserTimer.h	49	Apple,MinGW,OHOS	49:#if defined(__APPLE__) || defined(__MINGW64__) || defined(__ohos__) | 51:#else	平台块负责选择：#if defined(__APPLE__) || defined(__MINGW64__) || defined(__ohos__) => this->start = std::chrono::system_clock::now();; #else => this->start = std::chrono::high_resolution_clock::now();	packages/utils/src/UserTimer.cj	YES	COVERED	Info 初始时钟选择由 selfhost system_clock/now @When 对应。
PB129	Utils/Utils.cpp	13	MinGW	13:#ifdef __MINGW64__	平台块负责选择：#ifdef __MINGW64__ => (platform-specific declarations)	packages/utils/src/Utils.cj	YES	COVERED	随机数、环境键、应用路径和释放空闲内存的 Windows/macOS/Linux 分支对应。
PB130	Utils/Utils.cpp	23	Windows,Apple,Linux,OHOS,Android	23:#if (defined(__linux__) && !defined(__ohos__) && !defined(__android__)) || defined(_WIN32) | 25:#elif defined(__APPLE__)	平台块负责选择：#if (defined(__linux__) && !defined(__ohos__) && !defined(__android__)) || defined(_WIN32) => #include <malloc.h>; #elif defined(__APPLE__) => #include <malloc/malloc.h>	packages/utils/src/Utils.cj	YES	COVERED	随机数、环境键、应用路径和释放空闲内存的 Windows/macOS/Linux 分支对应。
PB131	Utils/Utils.cpp	35	Windows	35:#ifdef __WIN32	平台块负责选择：#ifdef __WIN32 => #include <libloaderapi.h> // should be at the end to avoid same macro define	packages/utils/src/Utils.cj	YES	COVERED	随机数、环境键、应用路径和释放空闲内存的 Windows/macOS/Linux 分支对应。
PB132	Utils/Utils.cpp	82	Windows	82:#ifdef _WIN32 | 88:#else	平台块负责选择：#ifdef _WIN32 => unsigned int randomInt = 0;; #else => int randomInt = 0;	packages/utils/src/Utils.cj	YES	COVERED	随机数、环境键、应用路径和释放空闲内存的 Windows/macOS/Linux 分支对应。
PB133	Utils/Utils.cpp	198	Windows	198:#ifdef _WIN32	平台块负责选择：#ifdef _WIN32 => std::transform(key.begin(), key.end(), key.begin(), [](unsigned char c) { return std::toupper(c); });	packages/utils/src/Utils.cj	YES	COVERED	随机数、环境键、应用路径和释放空闲内存的 Windows/macOS/Linux 分支对应。
PB134	Utils/Utils.cpp	208	Windows	208:#ifndef _WIN32	平台块负责选择：#ifndef _WIN32 => static std::vector<std::string> GetPathsFromEnvironmentVars(	packages/utils/src/Utils.cj	YES	COVERED	随机数、环境键、应用路径和释放空闲内存的 Windows/macOS/Linux 分支对应。
PB135	Utils/Utils.cpp	239	Windows	239:#ifdef _WIN32 | 250:#else	平台块负责选择：#ifdef _WIN32 => std::optional<std::string> GetApplicationPath(); #else => std::optional<std::string> GetApplicationPath(	packages/utils/src/Utils.cj	YES	COVERED	随机数、环境键、应用路径和释放空闲内存的 Windows/macOS/Linux 分支对应。
PB136	Utils/Utils.cpp	278	Windows,Apple,Linux,OHOS,Android	278:#if defined(__linux__) && !defined(__ohos__) && !defined(__android__) | 280:#elif defined(_WIN32) | 282:#elif defined(__APPLE__)	平台块负责选择：#if defined(__linux__) && !defined(__ohos__) && !defined(__android__) => malloc_trim(0);; #elif defined(_WIN32) => _heapmin();; #elif defined(__APPLE__) => malloc_zone_t *default_zone = malloc_default_zone();	packages/utils/src/Utils.cj	YES	COVERED	随机数、环境键、应用路径和释放空闲内存的 Windows/macOS/Linux 分支对应。
PB137	main-chir-dis.cpp	52	Windows,Unix	52:#if (defined __unix__) | 54:#elif (defined _WIN32)	平台块负责选择：#if (defined __unix__) => CreateAltSignalStack();; #elif (defined _WIN32) => RegisterCrashExceptionHandler();	-	NO	MISSING	selfhost 无 chir-dis 主程序的发布版平台信号注册对应物。
PB138	main-macrosrv.cpp	19	OHOS	19:#ifdef __ohos__ | 21:#else	平台块负责选择：#ifdef __ohos__ => #include <signal.h>; #else => #include <sys/signal.h>	packages/macro/src/MacroEvaluationSrv.cj	NO	DIVERGENT	selfhost 无独立宏服务进程，参数/句柄/父进程监控与平台清理均被进程内模型替代。
PB139	main-macrosrv.cpp	15	Windows	15:#ifdef __WIN32 | 17:#else	平台块负责选择：#ifdef __WIN32 => #include <windows.h>; #else => #include <csignal>	packages/macro/src/MacroEvaluationSrv.cj	NO	DIVERGENT	selfhost 无独立宏服务进程，参数/句柄/父进程监控与平台清理均被进程内模型替代。
PB140	main-macrosrv.cpp	31	Apple,Linux	31:#if defined(__linux__) || defined(__APPLE__) | 35:#else	平台块负责选择：#if defined(__linux__) || defined(__APPLE__) => const size_t ARGS_NUM = 6;; #else => const size_t ARGS_NUM = 5;	packages/macro/src/MacroEvaluationSrv.cj	NO	DIVERGENT	selfhost 无独立宏服务进程，参数/句柄/父进程监控与平台清理均被进程内模型替代。
PB141	main-macrosrv.cpp	44	Apple,Linux	44:#if defined(__linux__) || defined(__APPLE__)	平台块负责选择：#if defined(__linux__) || defined(__APPLE__) => const unsigned int CHECK_INTERVAL = 2;	packages/macro/src/MacroEvaluationSrv.cj	NO	DIVERGENT	selfhost 无独立宏服务进程，参数/句柄/父进程监控与平台清理均被进程内模型替代。
PB142	main-macrosrv.cpp	96	Windows	96:#ifdef __WIN32 | 110:#else	平台块负责选择：#ifdef __WIN32 => bool CheckPipe(HANDLE read, HANDLE write); #else => bool IsPipe(int fd)	packages/macro/src/MacroEvaluationSrv.cj	NO	DIVERGENT	selfhost 无独立宏服务进程，参数/句柄/父进程监控与平台清理均被进程内模型替代。
PB143	main-macrosrv.cpp	140	Windows	140:#ifdef _WIN32 | 143:#else	平台块负责选择：#ifdef _WIN32 => HANDLE hRead = reinterpret_cast<HANDLE>(atoi(args[IDX_OF_READ_HANDLE].c_str()));; #else => int hRead = stoi(args[IDX_OF_READ_HANDLE]);	packages/macro/src/MacroEvaluationSrv.cj	NO	DIVERGENT	selfhost 无独立宏服务进程，参数/句柄/父进程监控与平台清理均被进程内模型替代。
PB144	main-macrosrv.cpp	177	Windows	177:#ifdef _WIN32 | 180:#else	平台块负责选择：#ifdef _WIN32 => CloseHandle(hRead);; #else => [[maybe_unused]] std::lock_guard lg(MacroProcMsger::GetInstance().mutex);	packages/macro/src/MacroEvaluationSrv.cj	NO	DIVERGENT	selfhost 无独立宏服务进程，参数/句柄/父进程监控与平台清理均被进程内模型替代。
PB145	main.cpp	22	Windows	22:#ifdef _WIN32	平台块负责选择：#ifdef _WIN32 => #include <algorithm>	packages/driver/src/Main.cj	YES	COVERED	driver main 的信号注册与 GetApplicationPath 平台分支对应。
PB146	main.cpp	35	Windows,Unix	35:#if (defined __unix__) | 37:#elif (defined _WIN32)	平台块负责选择：#if (defined __unix__) => Cangjie::CreateAltSignalStack();; #elif (defined _WIN32) => Cangjie::RegisterCrashExceptionHandler();	packages/driver/src/Main.cj	YES	COVERED	driver main 的信号注册与 GetApplicationPath 平台分支对应。
PB147	main.cpp	66	Windows	66:#ifdef _WIN32 | 68:#else	平台块负责选择：#ifdef _WIN32 => auto maybeExePath = Utils::GetApplicationPath();; #else => auto maybeExePath = Utils::GetApplicationPath(args[0], environmentVars);	packages/driver/src/Main.cj	YES	COVERED	driver main 的信号注册与 GetApplicationPath 平台分支对应。
